season,athlete_id,player,team,position,pos_group,headshot_url,games_played,games_started,minutes_total,mpg,pts_total,ppg,pts_per_40,reb_total,rpg,reb_per_40,oreb_total,oreb_pg,oreb_per_40,dreb_total,dreb_pg,dreb_per_40,ast_total,apg,ast_per_40,stl_total,spg,stl_per_40,blk_total,bpg,blk_per_40,tov_total,tovpg,tov_per_40,fg_pct,fg3_pct,threepar,ft_pct,fta_rate,efg_pct,ts_pct,usage,ast_pct,tov_pct,oreb_pct,dreb_pct,usage_pctile_pos,ts_pctile_pos,efg_pctile_pos,ast_pctile_pos,stl_pctile_pos,tov_pctile_pos,oreb_pctile_pos,dreb_pctile_pos,fg3_pctile_pos,ft_pctile_pos,threepar_pctile_pos,fta_rate_pctile_pos,usage_pos_avg,ts_pos_avg,efg_pos_avg,ast_pos_avg,stl_pos_avg,tov_pos_avg,oreb_pos_avg,dreb_pos_avg,fg3_pos_avg,ft_pos_avg,threepar_pos_avg,fta_rate_pos_avg,usage_pos_avg_pctile,ts_pos_avg_pctile,efg_pos_avg_pctile,ast_pos_avg_pctile,stl_pos_avg_pctile,tov_pos_avg_pctile,oreb_pos_avg_pctile,dreb_pos_avg_pctile,fg3_pos_avg_pctile,ft_pos_avg_pctile,threepar_pos_avg_pctile,fta_rate_pos_avg_pctile
2026,4698725,Lexus Bargesser,Colorado St,G,Guard,https://a.espncdn.com/i/headshots/womens-college-basketball/players/full/4698725.png,33,33,1012,30.67,502,15.21,19.84,191,5.79,7.55,30,0.91,1.19,161,4.88,6.36,90,2.73,3.56,43,1.3,1.7,19,0.58,0.75,67,2.03,2.65,0.46,0.41,0.23,0.82,0.32,0.5,0.56,0.28,0.21,0.13,0.04,0.19,0.88,0.92,0.85,0.84,0.74,0.25,0.65,0.91,0.95,0.79,0.13,0.75,0.22,0.48,0.45,0.15,0.94,0.17,0.04,0.13,0.31,0.74,0.42,0.25,0.51,0.47,0.48,0.55,0.57,0.52,0.64,0.52,0.48,0.42,0.6,0.57
2026,4704139,Destiny Leo,UNLV,G,Guard,https://a.espncdn.com/i/headshots/womens-college-basketball/players/full/4704139.png,32,23,523,16.34,138,4.31,10.55,48,1.5,3.67,3,0.09,0.23,45,1.41,3.44,29,0.91,2.22,13,0.41,0.99,3,0.09,0.23,24,0.75,1.84,0.4,0.35,0.86,0.79,0.12,0.55,0.57,0.14,0.1,0.17,0.01,0.1,0.06,0.95,0.96,0.24,0.12,0.44,0.08,0.3,0.72,0.6,0.99,0.12,0.22,0.48,0.45,0.15,0.94,0.17,0.04,0.13,0.31,0.74,0.42,0.25,0.51,0.47,0.48,0.55,0.57,0.52,0.64,0.52,0.48,0.42,0.6,0.57
2026,4704751,Aaliyah Alexander,UNLV,G,Guard,https://a.espncdn.com/i/headshots/womens-college-basketball/players/full/4704751.png,32,32,1047,32.72,362,11.31,13.83,78,2.44,2.98,17,0.53,0.65,61,1.91,2.33,104,3.25,3.97,24,0.75,0.92,3,0.09,0.11,63,1.97,2.41,0.37,0.38,0.37,0.86,0.37,0.43,0.51,0.21,0.19,0.15,0.02,0.07,0.43,0.66,0.44,0.76,0.43,0.34,0.39,0.1,0.84,0.94,0.38,0.84,0.22,0.48,0.45,0.15,0.94,0.17,0.04,0.13,0.31,0.74,0.42,0.25,0.51,0.47,0.48,0.55,0.57,0.52,0.64,0.52,0.48,0.42,0.6,0.57
2026,4705203,Lexi Deden,Colorado St,F,Forward,https://a.espncdn.com/i/headshots/womens-college-basketball/players/full/4705203.png,33,4,315,9.55,73,2.21,9.27,71,2.15,9.02,33,1,4.19,38,1.15,4.83,5,0.15,0.63,8,0.24,1.02,14,0.42,1.78,21,0.64,2.67,0.44,NA,0,0.85,0.31,0.44,0.5,0.16,0.03,0.22,0.14,0.14,0.23,0.41,0.32,0.02,0.15,0.7,0.89,0.21,NA,0.95,0.01,0.63,0.2,0.5,0.47,0.09,0.71,0.19,0.09,0.2,0.28,0.69,0.18,0.28,0.51,0.42,0.45,0.54,0.64,0.51,0.6,0.53,0.48,0.38,0.55,0.53
2026,4898526,Sophie Sene,Utah State,F,Forward,https://a.espncdn.com/i/headshots/womens-college-basketball/players/full/4898526.png,20,15,406,20.3,184,9.2,18.13,126,6.3,12.41,44,2.2,4.33,82,4.1,8.08,13,0.65,1.28,9,0.45,0.89,7,0.35,0.69,21,1.05,2.07,0.47,0.42,0.24,0.86,0.24,0.52,0.56,0.23,0.09,0.11,0.13,0.25,0.73,0.87,0.8,0.53,0.35,0.08,0.87,0.82,0.96,0.97,0.77,0.44,0.2,0.5,0.47,0.09,0.71,0.19,0.09,0.2,0.28,0.69,0.18,0.28,0.51,0.42,0.45,0.54,0.64,0.51,0.6,0.53,0.48,0.38,0.55,0.53
2026,4898617,Clarissa Craig,New Mexico,F,Forward,https://a.espncdn.com/i/headshots/womens-college-basketball/players/full/4898617.png,10,9,156,15.6,65,6.5,16.67,43,4.3,11.03,18,1.8,4.62,25,2.5,6.41,6,0.6,1.54,5,0.5,1.28,6,0.6,1.54,11,1.1,2.82,0.56,1,0.03,0.8,0.64,0.58,0.65,0.19,0.08,0.18,0.14,0.21,0.39,1,0.96,0.48,0.43,0.45,0.87,0.57,1,0.88,0.16,1,0.2,0.5,0.47,0.09,0.71,0.19,0.09,0.2,0.28,0.69,0.18,0.28,0.51,0.42,0.45,0.54,0.64,0.51,0.6,0.53,0.48,0.38,0.55,0.53
2026,4898851,Alyssa Hargrove,New Mexico,G,Guard,https://a.espncdn.com/i/headshots/womens-college-basketball/players/full/4898851.png,32,31,811,25.34,209,6.53,10.31,103,3.22,5.08,24,0.75,1.18,79,2.47,3.9,82,2.56,4.04,50,1.56,2.47,14,0.44,0.69,62,1.94,3.06,0.35,0.26,0.5,0.76,0.11,0.41,0.43,0.18,0.19,0.2,0.03,0.12,0.29,0.17,0.27,0.73,0.91,0.78,0.64,0.5,0.21,0.49,0.73,0.08,0.22,0.48,0.45,0.15,0.94,0.17,0.04,0.13,0.31,0.74,0.42,0.25,0.51,0.47,0.48,0.55,0.57,0.52,0.64,0.52,0.48,0.42,0.6,0.57
2026,4898941,Emily Howard,Boise St,C,Center,https://a.espncdn.com/i/headshots/womens-college-basketball/players/full/4898941.png,27,0,191,7.07,64,2.37,13.4,48,1.78,10.05,11,0.41,2.3,37,1.37,7.75,7,0.26,1.47,2,0.07,0.42,8,0.3,1.68,23,0.85,4.82,0.39,NA,0,0.67,0.17,0.39,0.42,0.26,0.08,0.23,0.07,0.23,0.59,0.47,0.49,0.41,0.41,1,0.69,0.98,NA,0.27,0.39,0.46,0.24,0.49,0.44,0.08,0.15,0.18,0.09,0.19,0.27,0.75,0.16,0.27,0.31,0.55,0.57,0.77,0.78,0.57,0.73,0.53,0.17,0.9,0.65,0.63
2026,4898996,Malene Pedersen,Wyoming,G,Guard,https://a.espncdn.com/i/headshots/womens-college-basketball/players/full/4898996.png,29,29,963,33.21,499,17.21,20.73,117,4.03,4.86,16,0.55,0.66,101,3.48,4.2,61,2.1,2.53,17,0.59,0.71,3,0.1,0.12,49,1.69,2.04,0.45,0.34,0.4,0.87,0.22,0.51,0.55,0.29,0.19,0.1,0.02,0.13,0.93,0.88,0.91,0.69,0.22,0.05,0.46,0.57,0.65,0.97,0.54,0.43,0.22,0.48,0.45,0.15,0.94,0.17,0.04,0.13,0.31,0.74,0.42,0.25,0.51,0.47,0.48,0.55,0.57,0.52,0.64,0.52,0.48,0.42,0.6,0.57
2026,4899452,Payton Muma,Wyoming,G,Guard,https://a.espncdn.com/i/headshots/womens-college-basketball/players/full/4899452.png,30,23,662,22.07,115,3.83,6.95,83,2.77,5.02,8,0.27,0.48,75,2.5,4.53,79,2.63,4.77,27,0.9,1.63,3,0.1,0.18,63,2.1,3.81,0.31,0.18,0.47,0.48,0.14,0.35,0.36,0.19,0.26,0.28,0.02,0.14,0.35,0.05,0.07,0.93,0.52,0.97,0.25,0.66,0.04,0.03,0.69,0.16,0.22,0.48,0.45,0.15,0.94,0.17,0.04,0.13,0.31,0.74,0.42,0.25,0.51,0.47,0.48,0.55,0.57,0.52,0.64,0.52,0.48,0.42,0.6,0.57
2026,4899521,McKenna Simons,San José St,G,Guard,https://a.espncdn.com/i/headshots/womens-college-basketball/players/full/4899521.png,18,2,250,13.89,38,2.11,6.08,24,1.33,3.84,4,0.22,0.64,20,1.11,3.2,7,0.39,1.12,11,0.61,1.76,1,0.06,0.16,17,0.94,2.72,0.35,0.26,0.53,0.5,0.09,0.42,0.42,0.12,0.07,0.28,0.02,0.09,0.02,0.11,0.34,0.09,0.24,0.95,0.33,0.21,0.21,0.03,0.75,0.05,0.22,0.48,0.45,0.15,0.94,0.17,0.04,0.13,0.31,0.74,0.42,0.25,0.51,0.47,0.48,0.55,0.57,0.52,0.64,0.52,0.48,0.42,0.6,0.57
2026,4899730,Jaisa Gamble,Fresno St,F,Forward,https://a.espncdn.com/i/headshots/womens-college-basketball/players/full/4899730.png,33,32,1087,32.94,260,7.88,9.57,148,4.48,5.45,60,1.82,2.21,88,2.67,3.24,69,2.09,2.54,69,2.09,2.54,15,0.45,0.55,94,2.85,3.46,0.4,0.31,0.06,0.6,0.16,0.41,0.43,0.18,0.13,0.24,0.07,0.11,0.34,0.13,0.17,0.82,1,0.82,0.25,0.06,0.5,0.19,0.37,0.17,0.2,0.5,0.47,0.09,0.71,0.19,0.09,0.2,0.28,0.69,0.18,0.28,0.51,0.42,0.45,0.54,0.64,0.51,0.6,0.53,0.48,0.38,0.55,0.53
2026,4906420,Josee Steadman,Boise St,F,Forward,https://a.espncdn.com/i/headshots/womens-college-basketball/players/full/4906420.png,21,1,102,4.86,33,1.57,12.94,13,0.62,5.1,5,0.24,1.96,8,0.38,3.14,3,0.14,1.18,2,0.1,0.78,0,0,0,4,0.19,1.57,0.31,0.26,0.64,NA,0,0.39,0.39,0.22,0.06,0.09,0.06,0.09,0.61,0.06,0.12,0.32,0.01,0.04,0.2,0,0.4,NA,0.96,0.01,0.2,0.5,0.47,0.09,0.71,0.19,0.09,0.2,0.28,0.69,0.18,0.28,0.51,0.42,0.45,0.54,0.64,0.51,0.6,0.53,0.48,0.38,0.55,0.53
2026,5105392,Karley Johnson,Grand Canyon,G,Guard,https://a.espncdn.com/i/headshots/womens-college-basketball/players/full/5105392.png,31,5,609,19.65,137,4.42,9,99,3.19,6.5,29,0.94,1.9,70,2.26,4.6,34,1.1,2.23,30,0.97,1.97,2,0.06,0.13,30,0.97,1.97,0.41,0.21,0.37,0.65,0.45,0.45,0.5,0.13,0.11,0.18,0.06,0.15,0.05,0.57,0.49,0.29,0.58,0.58,0.86,0.7,0.06,0.21,0.46,0.98,0.22,0.48,0.45,0.15,0.94,0.17,0.04,0.13,0.31,0.74,0.42,0.25,0.51,0.47,0.48,0.55,0.57,0.52,0.64,0.52,0.48,0.42,0.6,0.57
2026,5105747,Aaliyah Gayles,Utah State,G,Guard,https://a.espncdn.com/i/headshots/womens-college-basketball/players/full/5105747.png,22,21,615,27.95,268,12.18,17.43,93,4.23,6.05,10,0.45,0.65,83,3.77,5.4,43,1.95,2.8,35,1.59,2.28,7,0.32,0.46,75,3.41,4.88,0.31,0.26,0.36,0.76,0.4,0.36,0.44,0.32,0.18,0.2,0.02,0.16,0.97,0.2,0.1,0.64,0.92,0.75,0.36,0.81,0.19,0.51,0.36,0.89,0.22,0.48,0.45,0.15,0.94,0.17,0.04,0.13,0.31,0.74,0.42,0.25,0.51,0.47,0.48,0.55,0.57,0.52,0.64,0.52,0.48,0.42,0.6,0.57
2026,5106075,Mariah Elohim,UNLV,G,Guard,https://a.espncdn.com/i/headshots/womens-college-basketball/players/full/5106075.png,32,6,868,27.12,246,7.69,11.34,42,1.31,1.94,5,0.16,0.23,37,1.16,1.71,57,1.78,2.63,12,0.38,0.55,4,0.12,0.18,30,0.94,1.38,0.37,0.37,0.68,0.9,0.09,0.5,0.52,0.16,0.13,0.11,0.01,0.05,0.14,0.7,0.8,0.38,0.1,0.13,0.1,0.03,0.82,1,0.92,0.04,0.22,0.48,0.45,0.15,0.94,0.17,0.04,0.13,0.31,0.74,0.42,0.25,0.51,0.47,0.48,0.55,0.57,0.52,0.64,0.52,0.48,0.42,0.6,0.57
2026,5106228,Ale'jah Douglas,Grand Canyon,G,Guard,https://a.espncdn.com/i/headshots/womens-college-basketball/players/full/5106228.png,32,7,677,21.16,193,6.03,11.4,50,1.56,2.95,9,0.28,0.53,41,1.28,2.42,48,1.5,2.84,23,0.72,1.36,8,0.25,0.47,46,1.44,2.72,0.35,0.29,0.49,0.79,0.29,0.42,0.47,0.18,0.15,0.18,0.02,0.08,0.25,0.39,0.34,0.53,0.39,0.65,0.29,0.15,0.37,0.68,0.7,0.67,0.22,0.48,0.45,0.15,0.94,0.17,0.04,0.13,0.31,0.74,0.42,0.25,0.51,0.47,0.48,0.55,0.57,0.52,0.64,0.52,0.48,0.42,0.6,0.57
2026,5107526,Karyn Sanford,Utah State,G,Guard,https://a.espncdn.com/i/headshots/womens-college-basketball/players/full/5107526.png,30,23,852,28.4,236,7.87,11.08,101,3.37,4.74,11,0.37,0.52,90,3,4.23,63,2.1,2.96,25,0.83,1.17,10,0.33,0.47,74,2.47,3.47,0.35,0.21,0.4,0.82,0.23,0.39,0.44,0.21,0.17,0.22,0.02,0.13,0.45,0.22,0.17,0.62,0.5,0.87,0.24,0.55,0.06,0.76,0.57,0.46,0.22,0.48,0.45,0.15,0.94,0.17,0.04,0.13,0.31,0.74,0.42,0.25,0.51,0.47,0.48,0.55,0.57,0.52,0.64,0.52,0.48,0.42,0.6,0.57
2026,5107558,Shelbee Brown,UNLV,F,Forward,https://a.espncdn.com/i/headshots/womens-college-basketball/players/full/5107558.png,32,31,844,26.38,352,11,16.68,315,9.84,14.93,81,2.53,3.84,234,7.31,11.09,51,1.59,2.42,60,1.88,2.84,7,0.22,0.33,90,2.81,4.27,0.51,0,0.03,0.71,0.44,0.51,0.56,0.25,0.13,0.22,0.12,0.32,0.9,0.81,0.78,0.86,0.95,0.69,0.84,1,0.01,0.47,0.32,0.94,0.2,0.5,0.47,0.09,0.71,0.19,0.09,0.2,0.28,0.69,0.18,0.28,0.51,0.42,0.45,0.54,0.64,0.51,0.6,0.53,0.48,0.38,0.55,0.53
2026,5107574,Marina Asensio,Utah State,G,Guard,https://a.espncdn.com/i/headshots/womens-college-basketball/players/full/5107574.png,14,14,422,30.14,151,10.79,14.31,30,2.14,2.84,3,0.21,0.28,27,1.93,2.56,46,3.29,4.36,23,1.64,2.18,5,0.36,0.47,35,2.5,3.32,0.35,0.3,0.58,0.79,0.23,0.43,0.48,0.24,0.27,0.18,0.01,0.08,0.7,0.43,0.42,0.96,0.95,0.62,0.13,0.16,0.38,0.67,0.82,0.45,0.22,0.48,0.45,0.15,0.94,0.17,0.04,0.13,0.31,0.74,0.42,0.25,0.51,0.47,0.48,0.55,0.57,0.52,0.64,0.52,0.48,0.42,0.6,0.57
2026,5107598,Chloe Williams,Nevada,F,Forward,https://a.espncdn.com/i/headshots/womens-college-basketball/players/full/5107598.png,22,7,304,13.82,93,4.23,12.24,68,3.09,8.95,21,0.95,2.76,47,2.14,6.18,9,0.41,1.18,20,0.91,2.63,16,0.73,2.11,31,1.41,4.08,0.43,0,0.11,0.62,0.26,0.43,0.46,0.22,0.07,0.23,0.09,0.2,0.67,0.24,0.26,0.44,0.74,0.75,0.52,0.57,0.02,0.3,0.52,0.46,0.2,0.5,0.47,0.09,0.71,0.19,0.09,0.2,0.28,0.69,0.18,0.28,0.51,0.42,0.45,0.54,0.64,0.51,0.6,0.53,0.48,0.38,0.55,0.53
2026,5107599,Ahrray Young,Nevada,G,Guard,https://a.espncdn.com/i/headshots/womens-college-basketball/players/full/5107599.png,29,27,805,27.76,276,9.52,13.71,115,3.97,5.71,30,1.03,1.49,85,2.93,4.22,71,2.45,3.53,36,1.24,1.79,12,0.41,0.6,58,2,2.88,0.39,0.26,0.32,0.68,0.21,0.43,0.46,0.23,0.21,0.16,0.05,0.14,0.65,0.32,0.4,0.85,0.72,0.4,0.76,0.62,0.22,0.27,0.29,0.39,0.22,0.48,0.45,0.15,0.94,0.17,0.04,0.13,0.31,0.74,0.42,0.25,0.51,0.47,0.48,0.55,0.57,0.52,0.64,0.52,0.48,0.42,0.6,0.57
2026,5107732,Amelia Raidaveta,Nevada,F,Forward,https://a.espncdn.com/i/headshots/womens-college-basketball/players/full/5107732.png,31,21,303,9.77,78,2.52,10.3,56,1.81,7.39,25,0.81,3.3,31,1,4.09,26,0.84,3.43,10,0.32,1.32,8,0.26,1.06,28,0.9,3.7,0.34,0.2,0.11,0.7,0.22,0.35,0.39,0.22,0.19,0.22,0.11,0.13,0.59,0.05,0.04,1,0.26,0.64,0.69,0.16,0.14,0.4,0.5,0.35,0.2,0.5,0.47,0.09,0.71,0.19,0.09,0.2,0.28,0.69,0.18,0.28,0.51,0.42,0.45,0.54,0.64,0.51,0.6,0.53,0.48,0.38,0.55,0.53
2026,5107836,Henna Sandvik,Wyoming,G,Guard,https://a.espncdn.com/i/headshots/womens-college-basketball/players/full/5107836.png,30,30,999,33.3,311,10.37,12.45,130,4.33,5.21,39,1.3,1.56,91,3.03,3.64,76,2.53,3.04,13,0.43,0.52,20,0.67,0.8,60,2,2.4,0.41,0.32,0.34,0.68,0.11,0.46,0.48,0.22,0.19,0.16,0.05,0.11,0.55,0.45,0.64,0.72,0.14,0.39,0.8,0.41,0.55,0.25,0.33,0.1,0.22,0.48,0.45,0.15,0.94,0.17,0.04,0.13,0.31,0.74,0.42,0.25,0.51,0.47,0.48,0.55,0.57,0.52,0.64,0.52,0.48,0.42,0.6,0.57
2026,5107935,Indiya Clarke,Fresno St,G,Guard,https://a.espncdn.com/i/headshots/womens-college-basketball/players/full/5107935.png,21,11,418,19.9,103,4.9,9.86,88,4.19,8.42,28,1.33,2.68,60,2.86,5.74,8,0.38,0.77,17,0.81,1.63,5,0.24,0.48,30,1.43,2.87,0.27,0.13,0.2,0.71,0.44,0.29,0.37,0.2,0.04,0.18,0.08,0.19,0.41,0.05,0.02,0.04,0.49,0.54,0.92,0.94,0.02,0.33,0.07,0.95,0.22,0.48,0.45,0.15,0.94,0.17,0.04,0.13,0.31,0.74,0.42,0.25,0.51,0.47,0.48,0.55,0.57,0.52,0.64,0.52,0.48,0.42,0.6,0.57
2026,5108731,Avery Watkins,Fresno St,F,Forward,https://a.espncdn.com/i/headshots/womens-college-basketball/players/full/5108731.png,30,16,565,18.83,189,6.3,13.38,159,5.3,11.26,51,1.7,3.61,108,3.6,7.65,19,0.63,1.35,24,0.8,1.7,7,0.23,0.5,47,1.57,3.33,0.41,0.32,0.19,0.68,0.38,0.44,0.49,0.21,0.07,0.2,0.11,0.26,0.54,0.4,0.37,0.46,0.73,0.53,0.71,0.84,0.53,0.37,0.59,0.81,0.2,0.5,0.47,0.09,0.71,0.19,0.09,0.2,0.28,0.69,0.18,0.28,0.51,0.42,0.45,0.54,0.64,0.51,0.6,0.53,0.48,0.38,0.55,0.53
2026,5109375,Milahnie Perry,Air Force,G,Guard,https://a.espncdn.com/i/headshots/womens-college-basketball/players/full/5109375.png,33,33,1073,32.52,578,17.52,21.55,128,3.88,4.77,21,0.64,0.78,107,3.24,3.99,90,2.73,3.36,45,1.36,1.68,6,0.18,0.22,68,2.06,2.53,0.39,0.28,0.16,0.74,0.34,0.41,0.47,0.32,0.24,0.1,0.02,0.15,1,0.38,0.31,0.91,0.79,0.09,0.45,0.74,0.35,0.46,0.06,0.8,0.22,0.48,0.45,0.15,0.94,0.17,0.04,0.13,0.31,0.74,0.42,0.25,0.51,0.47,0.48,0.55,0.57,0.52,0.64,0.52,0.48,0.42,0.6,0.57
2026,5109379,Emily Adams,Air Force,F,Forward,https://a.espncdn.com/i/headshots/womens-college-basketball/players/full/5109379.png,35,35,893,25.51,323,9.23,14.47,183,5.23,8.2,65,1.86,2.91,118,3.37,5.29,38,1.09,1.7,34,0.97,1.52,9,0.26,0.4,78,2.23,3.49,0.42,0.62,0.03,0.72,0.28,0.43,0.47,0.24,0.11,0.19,0.08,0.2,0.78,0.34,0.31,0.62,0.78,0.5,0.49,0.55,1,0.61,0.21,0.52,0.2,0.5,0.47,0.09,0.71,0.19,0.09,0.2,0.28,0.69,0.18,0.28,0.51,0.42,0.45,0.54,0.64,0.51,0.6,0.53,0.48,0.38,0.55,0.53
2026,5109381,Tatum Thompson,Boise St,F,Forward,https://a.espncdn.com/i/headshots/womens-college-basketball/players/full/5109381.png,34,34,1025,30.15,482,14.18,18.81,236,6.94,9.21,57,1.68,2.22,179,5.26,6.99,87,2.56,3.4,38,1.12,1.48,12,0.35,0.47,62,1.82,2.42,0.48,0.32,0.09,0.74,0.38,0.49,0.54,0.24,0.19,0.12,0.07,0.21,0.85,0.73,0.73,0.99,0.87,0.16,0.31,0.68,0.56,0.79,0.49,0.78,0.2,0.5,0.47,0.09,0.71,0.19,0.09,0.2,0.28,0.69,0.18,0.28,0.51,0.42,0.45,0.54,0.64,0.51,0.6,0.53,0.48,0.38,0.55,0.53
2026,5109382,Mya Hansen,Boise St,G,Guard,https://a.espncdn.com/i/headshots/womens-college-basketball/players/full/5109382.png,34,34,994,29.24,239,7.03,9.62,98,2.88,3.94,15,0.44,0.6,83,2.44,3.34,145,4.26,5.84,24,0.71,0.97,2,0.06,0.08,86,2.53,3.46,0.38,0.37,0.47,0.79,0.35,0.46,0.52,0.16,0.26,0.27,0.02,0.1,0.13,0.71,0.59,0.95,0.37,0.95,0.35,0.33,0.79,0.62,0.66,0.82,0.22,0.48,0.45,0.15,0.94,0.17,0.04,0.13,0.31,0.74,0.42,0.25,0.51,0.47,0.48,0.55,0.57,0.52,0.64,0.52,0.48,0.42,0.6,0.57
2026,5109383,Dani Bayes,Boise St,G,Guard,https://a.espncdn.com/i/headshots/womens-college-basketball/players/full/5109383.png,34,34,984,28.94,418,12.29,16.99,148,4.35,6.02,44,1.29,1.79,104,3.06,4.23,97,2.85,3.94,50,1.47,2.03,16,0.47,0.65,85,2.5,3.46,0.41,0.39,0.47,0.78,0.28,0.5,0.54,0.24,0.2,0.18,0.06,0.13,0.67,0.84,0.82,0.8,0.87,0.61,0.83,0.54,0.91,0.6,0.68,0.63,0.22,0.48,0.45,0.15,0.94,0.17,0.04,0.13,0.31,0.74,0.42,0.25,0.51,0.47,0.48,0.55,0.57,0.52,0.64,0.52,0.48,0.42,0.6,0.57
2026,5109385,Natalie Pasco,Boise St,G,Guard,https://a.espncdn.com/i/headshots/womens-college-basketball/players/full/5109385.png,34,34,1105,32.5,425,12.5,15.38,131,3.85,4.74,18,0.53,0.65,113,3.32,4.09,51,1.5,1.85,26,0.76,0.94,5,0.15,0.18,50,1.47,1.81,0.46,0.44,0.55,0.8,0.15,0.58,0.6,0.18,0.09,0.12,0.02,0.12,0.27,1,1,0.2,0.48,0.2,0.41,0.47,0.99,0.71,0.77,0.18,0.22,0.48,0.45,0.15,0.94,0.17,0.04,0.13,0.31,0.74,0.42,0.25,0.51,0.47,0.48,0.55,0.57,0.52,0.64,0.52,0.48,0.42,0.6,0.57
2026,5109386,Jadyn Fife,Colorado St,F,Forward,https://a.espncdn.com/i/headshots/womens-college-basketball/players/full/5109386.png,28,0,190,6.79,32,1.14,6.74,37,1.32,7.79,2,0.07,0.42,35,1.25,7.37,11,0.39,2.32,5,0.18,1.05,1,0.04,0.21,7,0.25,1.47,0.28,0.18,0.55,0.86,0.17,0.32,0.37,0.14,0.11,0.14,0.01,0.22,0.13,0.03,0.02,0.66,0.1,0.23,0.05,0.73,0.13,0.95,0.92,0.17,0.2,0.5,0.47,0.09,0.71,0.19,0.09,0.2,0.28,0.69,0.18,0.28,0.51,0.42,0.45,0.54,0.64,0.51,0.6,0.53,0.48,0.38,0.55,0.53
2026,5109388,Marta Leimane,Colorado St,G,Guard,https://a.espncdn.com/i/headshots/womens-college-basketball/players/full/5109388.png,35,2,732,20.91,177,5.06,9.67,87,2.49,4.75,4,0.11,0.22,83,2.37,4.54,51,1.46,2.79,14,0.4,0.77,15,0.43,0.82,29,0.83,1.58,0.37,0.28,0.4,0.77,0.16,0.42,0.45,0.17,0.14,0.13,0.01,0.13,0.2,0.29,0.38,0.45,0.11,0.26,0.07,0.59,0.31,0.52,0.55,0.28,0.22,0.48,0.45,0.15,0.94,0.17,0.04,0.13,0.31,0.74,0.42,0.25,0.51,0.47,0.48,0.55,0.57,0.52,0.64,0.52,0.48,0.42,0.6,0.57
2026,5109390,Hannah Ronsiek,Colorado St,G,Guard,https://a.espncdn.com/i/headshots/womens-college-basketball/players/full/5109390.png,35,35,1149,32.83,270,7.71,9.4,189,5.4,6.58,5,0.14,0.17,184,5.26,6.41,22,0.63,0.77,53,1.51,1.85,23,0.66,0.8,37,1.06,1.29,0.35,0.32,0.74,0.82,0.13,0.47,0.49,0.15,0.04,0.12,0.01,0.19,0.08,0.52,0.68,0.03,0.9,0.18,0.05,0.93,0.54,0.74,0.95,0.14,0.22,0.48,0.45,0.15,0.94,0.17,0.04,0.13,0.31,0.74,0.42,0.25,0.51,0.47,0.48,0.55,0.57,0.52,0.64,0.52,0.48,0.42,0.6,0.57
2026,5109755,Kennedy Lee,San Diego St,F,Forward,https://a.espncdn.com/i/headshots/womens-college-basketball/players/full/5109755.png,33,33,791,23.97,306,9.27,15.47,180,5.45,9.1,36,1.09,1.82,144,4.36,7.28,27,0.82,1.37,25,0.76,1.26,9,0.27,0.46,46,1.39,2.33,0.46,0.38,0.46,0.76,0.23,0.55,0.57,0.21,0.07,0.15,0.06,0.22,0.57,0.94,0.94,0.41,0.71,0.3,0.2,0.76,0.89,0.83,0.92,0.42,0.2,0.5,0.47,0.09,0.71,0.19,0.09,0.2,0.28,0.69,0.18,0.28,0.51,0.42,0.45,0.54,0.64,0.51,0.6,0.53,0.48,0.38,0.55,0.53
2026,5109816,Sofia Kelemeni,San Diego St,G,Guard,https://a.espncdn.com/i/headshots/womens-college-basketball/players/full/5109816.png,23,0,144,6.26,36,1.57,10,33,1.43,9.17,11,0.48,3.06,22,0.96,6.11,7,0.3,1.94,4,0.17,1.11,2,0.09,0.56,12,0.52,3.33,0.38,0.33,0.53,0.5,0.24,0.47,0.48,0.18,0.09,0.24,0.1,0.19,0.31,0.46,0.68,0.17,0.02,0.9,0.95,0.89,0.6,0.03,0.74,0.49,0.22,0.48,0.45,0.15,0.94,0.17,0.04,0.13,0.31,0.74,0.42,0.25,0.51,0.47,0.48,0.55,0.57,0.52,0.64,0.52,0.48,0.42,0.6,0.57
2026,5109818,Jasmyn Lott,UNLV,G,Guard,https://a.espncdn.com/i/headshots/womens-college-basketball/players/full/5109818.png,26,26,833,32.04,324,12.46,15.56,65,2.5,3.12,21,0.81,1.01,44,1.69,2.11,41,1.58,1.97,18,0.69,0.86,12,0.46,0.58,31,1.19,1.49,0.44,0.38,0.3,0.83,0.17,0.5,0.53,0.21,0.11,0.09,0.03,0.06,0.46,0.74,0.79,0.27,0.36,0.03,0.56,0.08,0.85,0.8,0.24,0.31,0.22,0.48,0.45,0.15,0.94,0.17,0.04,0.13,0.31,0.74,0.42,0.25,0.51,0.47,0.48,0.55,0.57,0.52,0.64,0.52,0.48,0.42,0.6,0.57
2026,5109819,Erica Collins,UNLV,C,Center,https://a.espncdn.com/i/headshots/womens-college-basketball/players/full/5109819.png,14,1,78,5.57,16,1.14,8.21,21,1.5,10.77,8,0.57,4.1,13,0.93,6.67,5,0.36,2.56,3,0.21,1.54,1,0.07,0.51,5,0.36,2.56,0.32,0,0.05,1,0.21,0.32,0.39,0.17,0.12,0.19,0.13,0.19,0.2,0.1,0.1,1,0.88,0.6,0.83,0.6,0.03,0.96,0.59,0.57,0.24,0.49,0.44,0.08,0.15,0.18,0.09,0.19,0.27,0.75,0.16,0.27,0.31,0.55,0.57,0.77,0.78,0.57,0.73,0.53,0.17,0.9,0.65,0.63
2026,5109849,Destiny Brown,UNLV,F,Forward,https://a.espncdn.com/i/headshots/womens-college-basketball/players/full/5109849.png,27,0,289,10.7,74,2.74,10.24,93,3.44,12.87,26,0.96,3.6,67,2.48,9.27,10,0.37,1.38,10,0.37,1.38,16,0.59,2.21,13,0.48,1.8,0.62,0,0.02,0.27,0.27,0.62,0.59,0.13,0.07,0.17,0.11,0.27,0.05,0.97,0.99,0.42,0.27,0.44,0.77,0.91,0.02,0.01,0.16,0.47,0.2,0.5,0.47,0.09,0.71,0.19,0.09,0.2,0.28,0.69,0.18,0.28,0.51,0.42,0.45,0.54,0.64,0.51,0.6,0.53,0.48,0.38,0.55,0.53
2026,5114872,Rachel Wilson,Utah State,F,Forward,https://a.espncdn.com/i/headshots/womens-college-basketball/players/full/5114872.png,26,11,500,19.23,132,5.08,10.56,104,4,8.32,36,1.38,2.88,68,2.62,5.44,14,0.54,1.12,17,0.65,1.36,12,0.46,0.96,36,1.38,2.88,0.53,0.17,0.06,0.61,0.38,0.54,0.56,0.16,0.07,0.23,0.09,0.17,0.21,0.83,0.88,0.37,0.63,0.77,0.54,0.3,0.1,0.22,0.39,0.72,0.2,0.5,0.47,0.09,0.71,0.19,0.09,0.2,0.28,0.69,0.18,0.28,0.51,0.42,0.45,0.54,0.64,0.51,0.6,0.53,0.48,0.38,0.55,0.53
2026,5116363,Nala Williams,San Diego St,G,Guard,https://a.espncdn.com/i/headshots/womens-college-basketball/players/full/5116363.png,32,32,831,25.97,320,10,15.4,139,4.34,6.69,41,1.28,1.97,98,3.06,4.72,133,4.16,6.4,54,1.69,2.6,10,0.31,0.48,53,1.66,2.55,0.45,0.35,0.37,0.75,0.2,0.51,0.54,0.22,0.33,0.15,0.07,0.15,0.59,0.82,0.87,1,0.96,0.35,0.9,0.69,0.67,0.48,0.42,0.37,0.22,0.48,0.45,0.15,0.94,0.17,0.04,0.13,0.31,0.74,0.42,0.25,0.51,0.47,0.48,0.55,0.57,0.52,0.64,0.52,0.48,0.42,0.6,0.57
2026,5174326,Holly Griffiths,Grand Canyon,F,Forward,https://a.espncdn.com/i/headshots/womens-college-basketball/players/full/5174326.png,18,5,139,7.72,41,2.28,11.8,28,1.56,8.06,9,0.5,2.59,19,1.06,5.47,8,0.44,2.3,2,0.11,0.58,4,0.22,1.15,11,0.61,3.17,0.43,0.12,0.23,0.77,0.37,0.44,0.5,0.18,0.12,0.21,0.08,0.18,0.35,0.42,0.37,0.67,0.02,0.61,0.41,0.33,0.09,0.83,0.64,0.7,0.2,0.5,0.47,0.09,0.71,0.19,0.09,0.2,0.28,0.69,0.18,0.28,0.51,0.42,0.45,0.54,0.64,0.51,0.6,0.53,0.48,0.38,0.55,0.53
2026,5175400,Amira Brown,San José St,G,Guard,https://a.espncdn.com/i/headshots/womens-college-basketball/players/full/5175400.png,26,20,663,25.5,242,9.31,14.6,149,5.73,8.99,43,1.65,2.59,106,4.08,6.4,40,1.54,2.41,26,1,1.57,10,0.38,0.6,98,3.77,5.91,0.36,0.3,0.35,0.62,0.43,0.41,0.46,0.27,0.17,0.27,0.08,0.18,0.85,0.31,0.24,0.6,0.59,0.94,0.92,0.84,0.4,0.1,0.34,0.95,0.22,0.48,0.45,0.15,0.94,0.17,0.04,0.13,0.31,0.74,0.42,0.25,0.51,0.47,0.48,0.55,0.57,0.52,0.64,0.52,0.48,0.42,0.6,0.57
2026,5175486,Djessira Diawara,Fresno St,F,Forward,https://a.espncdn.com/i/headshots/womens-college-basketball/players/full/5175486.png,30,14,482,16.07,152,5.07,12.61,131,4.37,10.87,56,1.87,4.65,75,2.5,6.22,8,0.27,0.66,19,0.63,1.58,3,0.1,0.25,43,1.43,3.57,0.48,NA,0,0.62,0.35,0.48,0.51,0.19,0.04,0.22,0.14,0.21,0.42,0.46,0.53,0.07,0.57,0.72,0.91,0.63,NA,0.29,0.03,0.68,0.2,0.5,0.47,0.09,0.71,0.19,0.09,0.2,0.28,0.69,0.18,0.28,0.51,0.42,0.45,0.54,0.64,0.51,0.6,0.53,0.48,0.38,0.55,0.53
2026,5175681,Julianna LaMendola,Grand Canyon,G,Guard,https://a.espncdn.com/i/headshots/womens-college-basketball/players/full/5175681.png,32,32,874,27.31,367,11.47,16.8,205,6.41,9.38,42,1.31,1.92,163,5.09,7.46,57,1.78,2.61,16,0.5,0.73,25,0.78,1.14,73,2.28,3.34,0.43,0.31,0.42,0.8,0.15,0.49,0.52,0.24,0.16,0.17,0.06,0.24,0.72,0.68,0.77,0.57,0.17,0.49,0.87,0.98,0.51,0.72,0.62,0.2,0.22,0.48,0.45,0.15,0.94,0.17,0.04,0.13,0.31,0.74,0.42,0.25,0.51,0.47,0.48,0.55,0.57,0.52,0.64,0.52,0.48,0.42,0.6,0.57
2026,5175718,Faith Carson,Grand Canyon,F,Forward,https://a.espncdn.com/i/headshots/womens-college-basketball/players/full/5175718.png,18,3,136,7.56,37,2.06,10.88,36,2,10.59,12,0.67,3.53,24,1.33,7.06,1,0.06,0.29,4,0.22,1.18,8,0.44,2.35,24,1.33,7.06,0.41,0,0.07,0.6,0.12,0.41,0.43,0.24,0.02,0.36,0.11,0.23,0.79,0.17,0.19,0.01,0.12,1,0.73,0.77,0.02,0.19,0.4,0.04,0.2,0.5,0.47,0.09,0.71,0.19,0.09,0.2,0.28,0.69,0.18,0.28,0.51,0.42,0.45,0.54,0.64,0.51,0.6,0.53,0.48,0.38,0.55,0.53
2026,5175736,Imbie Jones,Nevada,F,Forward,https://a.espncdn.com/i/headshots/womens-college-basketball/players/full/5175736.png,30,15,457,15.23,88,2.93,7.7,69,2.3,6.04,20,0.67,1.75,49,1.63,4.29,8,0.27,0.7,4,0.13,0.35,5,0.17,0.44,18,0.6,1.58,0.4,0.29,0.07,0.48,0.22,0.41,0.43,0.14,0.04,0.15,0.06,0.14,0.06,0.14,0.21,0.09,0.05,0.32,0.11,0.19,0.48,0.05,0.41,0.38,0.2,0.5,0.47,0.09,0.71,0.19,0.09,0.2,0.28,0.69,0.18,0.28,0.51,0.42,0.45,0.54,0.64,0.51,0.6,0.53,0.48,0.38,0.55,0.53
2026,5175950,Kaitlyn Elsholz,Grand Canyon,G,Guard,https://a.espncdn.com/i/headshots/womens-college-basketball/players/full/5175950.png,22,9,166,7.55,35,1.59,8.43,18,0.82,4.34,4,0.18,0.96,14,0.64,3.37,7,0.32,1.69,5,0.23,1.2,2,0.09,0.48,14,0.64,3.37,0.28,0.28,0.53,0.5,0.09,0.35,0.36,0.18,0.08,0.22,0.03,0.11,0.32,0.04,0.07,0.15,0.03,0.88,0.5,0.37,0.33,0.03,0.74,0.03,0.22,0.48,0.45,0.15,0.94,0.17,0.04,0.13,0.31,0.74,0.42,0.25,0.51,0.47,0.48,0.55,0.57,0.52,0.64,0.52,0.48,0.42,0.6,0.57
2026,5177197,Jordyn DeVaughn,Air Force,G,Guard,https://a.espncdn.com/i/headshots/womens-college-basketball/players/full/5177197.png,29,15,556,19.17,156,5.38,11.22,54,1.86,3.88,19,0.66,1.37,35,1.21,2.52,46,1.59,3.31,18,0.62,1.29,1,0.03,0.07,50,1.72,3.6,0.29,0.27,0.5,0.8,0.26,0.36,0.42,0.22,0.18,0.21,0.04,0.1,0.5,0.1,0.09,0.67,0.25,0.79,0.67,0.29,0.3,0.69,0.71,0.57,0.22,0.48,0.45,0.15,0.94,0.17,0.04,0.13,0.31,0.74,0.42,0.25,0.51,0.47,0.48,0.55,0.57,0.52,0.64,0.52,0.48,0.42,0.6,0.57
2026,5177198,Alexis Cortez,Air Force,G,Guard,https://a.espncdn.com/i/headshots/womens-college-basketball/players/full/5177198.png,29,21,868,29.93,149,5.14,6.87,89,3.07,4.1,25,0.86,1.15,64,2.21,2.95,34,1.17,1.57,29,1,1.34,9,0.31,0.41,22,0.76,1.01,0.32,0.25,0.42,0.81,0.15,0.37,0.41,0.12,0.08,0.11,0.03,0.11,0.02,0.09,0.12,0.12,0.61,0.1,0.58,0.4,0.15,0.74,0.6,0.21,0.22,0.48,0.45,0.15,0.94,0.17,0.04,0.13,0.31,0.74,0.42,0.25,0.51,0.47,0.48,0.55,0.57,0.52,0.64,0.52,0.48,0.42,0.6,0.57
2026,5177199,Jayda McNabb,Air Force,G,Guard,https://a.espncdn.com/i/headshots/womens-college-basketball/players/full/5177199.png,35,35,1102,31.49,278,7.94,10.09,257,7.34,9.33,138,3.94,5.01,119,3.4,4.32,97,2.77,3.52,70,2,2.54,28,0.8,1.02,57,1.63,2.07,0.42,0.28,0.28,0.66,0.38,0.46,0.5,0.15,0.2,0.17,0.14,0.16,0.1,0.62,0.66,0.78,0.98,0.5,1,0.8,0.34,0.23,0.2,0.86,0.22,0.48,0.45,0.15,0.94,0.17,0.04,0.13,0.31,0.74,0.42,0.25,0.51,0.47,0.48,0.55,0.57,0.52,0.64,0.52,0.48,0.42,0.6,0.57
2026,5177200,Keelie O'Hollaren,Air Force,G,Guard,https://a.espncdn.com/i/headshots/womens-college-basketball/players/full/5177200.png,35,18,845,24.14,316,9.03,14.96,103,2.94,4.88,6,0.17,0.28,97,2.77,4.59,30,0.86,1.42,40,1.14,1.89,13,0.37,0.62,46,1.31,2.18,0.33,0.27,0.58,0.77,0.19,0.41,0.45,0.24,0.09,0.12,0.01,0.17,0.74,0.26,0.26,0.17,0.68,0.16,0.12,0.83,0.28,0.53,0.81,0.34,0.22,0.48,0.45,0.15,0.94,0.17,0.04,0.13,0.31,0.74,0.42,0.25,0.51,0.47,0.48,0.55,0.57,0.52,0.64,0.52,0.48,0.42,0.6,0.57
2026,5177203,Marissa Hargrave,Air Force,G,Guard,https://a.espncdn.com/i/headshots/womens-college-basketball/players/full/5177203.png,29,1,482,16.62,69,2.38,5.73,90,3.1,7.47,20,0.69,1.66,70,2.41,5.81,29,1,2.41,18,0.62,1.49,3,0.1,0.25,42,1.45,3.49,0.22,0.1,0.33,0.65,0.17,0.24,0.27,0.18,0.12,0.25,0.05,0.22,0.22,0.01,0.01,0.35,0.26,0.92,0.75,0.97,0.01,0.15,0.29,0.32,0.22,0.48,0.45,0.15,0.94,0.17,0.04,0.13,0.31,0.74,0.42,0.25,0.51,0.47,0.48,0.55,0.57,0.52,0.64,0.52,0.48,0.42,0.6,0.57
2026,5177242,Maria Konstantinidou,San Diego St,F,Forward,https://a.espncdn.com/i/headshots/womens-college-basketball/players/full/5177242.png,33,0,439,13.3,90,2.73,8.2,103,3.12,9.38,39,1.18,3.55,64,1.94,5.83,15,0.45,1.37,5,0.15,0.46,19,0.58,1.73,32,0.97,2.92,0.43,0,0.15,0.56,0.19,0.43,0.44,0.16,0.06,0.24,0.12,0.18,0.22,0.2,0.24,0.34,0.09,0.86,0.8,0.35,0.03,0.09,0.53,0.21,0.2,0.5,0.47,0.09,0.71,0.19,0.09,0.2,0.28,0.69,0.18,0.28,0.51,0.42,0.45,0.54,0.64,0.51,0.6,0.53,0.48,0.38,0.55,0.53
2026,5177254,Izzy Sullivan,Nevada,G,Guard,https://a.espncdn.com/i/headshots/womens-college-basketball/players/full/5177254.png,31,31,961,31,246,7.94,10.24,75,2.42,3.12,8,0.26,0.33,67,2.16,2.79,54,1.74,2.25,34,1.1,1.42,3,0.1,0.12,52,1.68,2.16,0.37,0.22,0.39,0.54,0.34,0.41,0.43,0.18,0.12,0.16,0.01,0.09,0.24,0.18,0.2,0.36,0.67,0.37,0.15,0.25,0.08,0.06,0.52,0.77,0.22,0.48,0.45,0.15,0.94,0.17,0.04,0.13,0.31,0.74,0.42,0.25,0.51,0.47,0.48,0.55,0.57,0.52,0.64,0.52,0.48,0.42,0.6,0.57
2026,5177258,Olivia Poulivaati,Nevada,F,Forward,https://a.espncdn.com/i/headshots/womens-college-basketball/players/full/5177258.png,16,1,221,13.81,48,3,8.69,43,2.69,7.78,19,1.19,3.44,24,1.5,4.34,15,0.94,2.71,3,0.19,0.54,5,0.31,0.9,20,1.25,3.62,0.49,0.38,0.22,0.56,0.43,0.53,0.54,0.15,0.15,0.31,0.11,0.14,0.15,0.74,0.81,0.92,0.11,0.98,0.72,0.2,0.9,0.1,0.63,0.89,0.2,0.5,0.47,0.09,0.71,0.19,0.09,0.2,0.28,0.69,0.18,0.28,0.51,0.42,0.45,0.54,0.64,0.51,0.6,0.53,0.48,0.38,0.55,0.53
2026,5177259,Elle Motherway,Nevada,G,Guard,https://a.espncdn.com/i/headshots/womens-college-basketball/players/full/5177259.png,3,0,5,1.67,0,0,0,1,0.33,8,1,0.33,8,0,0,0,0,0,0,0,0,0,0,0,0,0,0,0,NA,NA,NA,NA,NA,NA,NA,0,0,NA,0.26,0,0,NA,NA,0,0,NA,1,0,NA,NA,NA,NA,0.22,0.48,0.45,0.15,0.94,0.17,0.04,0.13,0.31,0.74,0.42,0.25,0.51,0.47,0.48,0.55,0.57,0.52,0.64,0.52,0.48,0.42,0.6,0.57
2026,5177271,Alyssa Jackson,San Diego St,G,Guard,https://a.espncdn.com/i/headshots/womens-college-basketball/players/full/5177271.png,32,0,534,16.69,121,3.78,9.06,127,3.97,9.51,17,0.53,1.27,110,3.44,8.24,24,0.75,1.8,20,0.62,1.5,2,0.06,0.15,39,1.22,2.92,0.43,0.33,0.2,0.56,0.13,0.46,0.47,0.17,0.08,0.23,0.04,0.25,0.19,0.41,0.62,0.14,0.27,0.9,0.7,1,0.61,0.08,0.08,0.15,0.22,0.48,0.45,0.15,0.94,0.17,0.04,0.13,0.31,0.74,0.42,0.25,0.51,0.47,0.48,0.55,0.57,0.52,0.64,0.52,0.48,0.42,0.6,0.57
2026,5177821,Diarrah Sissoko,Fresno St,G,Guard,https://a.espncdn.com/i/headshots/womens-college-basketball/players/full/5177821.png,5,0,41,8.2,12,2.4,11.71,4,0.8,3.9,0,0,0,4,0.8,3.9,3,0.6,2.93,0,0,0,0,0,0,4,0.8,3.9,0.31,0.14,0.54,0.6,0.38,0.35,0.39,0.23,0.15,0.21,0,0.13,0.62,0.07,0.05,0.53,0,0.78,0,0.55,0.02,0.08,0.75,0.86,0.22,0.48,0.45,0.15,0.94,0.17,0.04,0.13,0.31,0.74,0.42,0.25,0.51,0.47,0.48,0.55,0.57,0.52,0.64,0.52,0.48,0.42,0.6,0.57
2026,5177868,Allie Cummins,San José St,G,Guard,https://a.espncdn.com/i/headshots/womens-college-basketball/players/full/5177868.png,32,32,944,29.5,271,8.47,11.48,70,2.19,2.97,18,0.56,0.76,52,1.62,2.2,56,1.75,2.37,20,0.62,0.85,4,0.12,0.17,74,2.31,3.14,0.35,0.32,0.61,0.87,0.21,0.45,0.5,0.18,0.16,0.21,0.02,0.06,0.31,0.56,0.51,0.56,0.28,0.84,0.43,0.06,0.57,0.98,0.85,0.4,0.22,0.48,0.45,0.15,0.94,0.17,0.04,0.13,0.31,0.74,0.42,0.25,0.51,0.47,0.48,0.55,0.57,0.52,0.64,0.52,0.48,0.42,0.6,0.57
2026,5177941,Amelie Sitterud,San José St,G,Guard,https://a.espncdn.com/i/headshots/womens-college-basketball/players/full/5177941.png,30,3,366,12.2,59,1.97,6.45,54,1.8,5.9,3,0.1,0.33,51,1.7,5.57,13,0.43,1.42,11,0.37,1.2,11,0.37,1.2,20,0.67,2.19,0.28,0.22,0.84,0.8,0.14,0.37,0.4,0.13,0.08,0.21,0.01,0.15,0.03,0.08,0.11,0.15,0.08,0.84,0.14,0.76,0.09,0.72,0.99,0.16,0.22,0.48,0.45,0.15,0.94,0.17,0.04,0.13,0.31,0.74,0.42,0.25,0.51,0.47,0.48,0.55,0.57,0.52,0.64,0.52,0.48,0.42,0.6,0.57
2026,5178149,Sydni Summers,UNLV,G,Guard,https://a.espncdn.com/i/headshots/womens-college-basketball/players/full/5178149.png,19,0,227,11.95,76,4,13.39,16,0.84,2.82,1,0.05,0.18,15,0.79,2.64,17,0.89,3,8,0.42,1.41,0,0,0,7,0.37,1.23,0.3,0.32,0.81,0.5,0.02,0.43,0.43,0.22,0.15,0.07,0.01,0.08,0.51,0.15,0.38,0.53,0.12,0.01,0.03,0.14,0.58,0.03,0.97,0.01,0.22,0.48,0.45,0.15,0.94,0.17,0.04,0.13,0.31,0.74,0.42,0.25,0.51,0.47,0.48,0.55,0.57,0.52,0.64,0.52,0.48,0.42,0.6,0.57
2026,5178152,Maya Anderson,San José St,G,Guard,https://a.espncdn.com/i/headshots/womens-college-basketball/players/full/5178152.png,32,32,1063,33.22,444,13.88,16.71,214,6.69,8.05,39,1.22,1.47,175,5.47,6.59,50,1.56,1.88,44,1.38,1.66,11,0.34,0.41,103,3.22,3.88,0.33,0.27,0.38,0.71,0.25,0.38,0.43,0.29,0.14,0.16,0.04,0.18,0.91,0.14,0.16,0.48,0.81,0.43,0.72,0.89,0.25,0.35,0.49,0.56,0.22,0.48,0.45,0.15,0.94,0.17,0.04,0.13,0.31,0.74,0.42,0.25,0.51,0.47,0.48,0.55,0.57,0.52,0.64,0.52,0.48,0.42,0.6,0.57
2026,5178153,Kaliyah Dillard,San José St,G,Guard,https://a.espncdn.com/i/headshots/womens-college-basketball/players/full/5178153.png,31,21,400,12.9,55,1.77,5.5,130,4.19,13,40,1.29,4,90,2.9,9,13,0.42,1.3,20,0.65,2,24,0.77,2.4,35,1.13,3.5,0.39,0.08,0.21,0.29,0.6,0.39,0.38,0.13,0.08,0.33,0.12,0.25,0.04,0.07,0.18,0.1,0.32,0.98,0.98,0.99,0,0.01,0.08,0.99,0.22,0.48,0.45,0.15,0.94,0.17,0.04,0.13,0.31,0.74,0.42,0.25,0.51,0.47,0.48,0.55,0.57,0.52,0.64,0.52,0.48,0.42,0.6,0.57
2026,5178158,Meadow Roland,UNLV,F,Forward,https://a.espncdn.com/i/headshots/womens-college-basketball/players/full/5178158.png,31,31,1034,33.35,464,14.97,17.95,294,9.48,11.37,62,2,2.4,232,7.48,8.97,59,1.9,2.28,31,1,1.2,55,1.77,2.13,72,2.32,2.79,0.44,0.26,0.23,0.74,0.29,0.47,0.51,0.26,0.13,0.14,0.08,0.26,0.96,0.53,0.51,0.75,0.83,0.22,0.36,0.89,0.38,0.7,0.71,0.58,0.2,0.5,0.47,0.09,0.71,0.19,0.09,0.2,0.28,0.69,0.18,0.28,0.51,0.42,0.45,0.54,0.64,0.51,0.6,0.53,0.48,0.38,0.55,0.53
2026,5178174,Mikyn Hamlin,Wyoming,G,Guard,https://a.espncdn.com/i/headshots/womens-college-basketball/players/full/5178174.png,1,0,7,7,2,2,11.43,0,0,0,0,0,0,0,0,0,0,0,0,0,0,0,0,0,0,1,1,5.71,1,NA,0,0,2,1,0.53,0.23,0,0.35,0,0,0.65,0.78,1,0,0,0.99,0,0,NA,0,0,1,0.22,0.48,0.45,0.15,0.94,0.17,0.04,0.13,0.31,0.74,0.42,0.25,0.51,0.47,0.48,0.55,0.57,0.52,0.64,0.52,0.48,0.42,0.6,0.57
2026,5178178,Madi Symons,Wyoming,F,Forward,https://a.espncdn.com/i/headshots/womens-college-basketball/players/full/5178178.png,28,12,518,18.5,88,3.14,6.8,83,2.96,6.41,16,0.57,1.24,67,2.39,5.17,38,1.36,2.93,11,0.39,0.85,12,0.43,0.93,33,1.18,2.55,0.42,0.24,0.19,0.83,0.13,0.44,0.47,0.14,0.16,0.26,0.04,0.16,0.12,0.26,0.33,0.94,0.33,0.95,0.07,0.26,0.23,0.94,0.6,0.09,0.2,0.5,0.47,0.09,0.71,0.19,0.09,0.2,0.28,0.69,0.18,0.28,0.51,0.42,0.45,0.54,0.64,0.51,0.6,0.53,0.48,0.38,0.55,0.53
2026,5178271,Drew Jordon,New Mexico,G,Guard,https://a.espncdn.com/i/headshots/womens-college-basketball/players/full/5178271.png,32,1,302,9.44,90,2.81,11.92,46,1.44,6.09,15,0.47,1.99,31,0.97,4.11,21,0.66,2.78,20,0.62,2.65,2,0.06,0.26,27,0.84,3.58,0.41,0.33,0.18,0.68,0.3,0.44,0.48,0.19,0.14,0.22,0.06,0.13,0.4,0.46,0.46,0.42,0.29,0.88,0.83,0.58,0.61,0.25,0.07,0.71,0.22,0.48,0.45,0.15,0.94,0.17,0.04,0.13,0.31,0.74,0.42,0.25,0.51,0.47,0.48,0.55,0.57,0.52,0.64,0.52,0.48,0.42,0.6,0.57
2026,5181804,Madelyn Bragg,Colorado St,F,Forward,https://a.espncdn.com/i/headshots/womens-college-basketball/players/full/5181804.png,35,30,897,25.63,286,8.17,12.75,151,4.31,6.73,54,1.54,2.41,97,2.77,4.33,17,0.49,0.76,17,0.49,0.76,30,0.86,1.34,49,1.4,2.19,0.53,0,0,0.82,0.3,0.53,0.57,0.18,0.04,0.16,0.08,0.13,0.39,0.9,0.85,0.16,0.43,0.41,0.4,0.12,0.03,0.93,0.11,0.62,0.2,0.5,0.47,0.09,0.71,0.19,0.09,0.2,0.28,0.69,0.18,0.28,0.51,0.42,0.45,0.54,0.64,0.51,0.6,0.53,0.48,0.38,0.55,0.53
2026,5183079,Ellie Chen,San Diego St,G,Guard,https://a.espncdn.com/i/headshots/womens-college-basketball/players/full/5183079.png,10,0,22,2.2,4,0.4,7.27,1,0.1,1.82,0,0,0,1,0.1,1.82,1,0.1,1.82,1,0.1,1.82,0,0,0,3,0.3,5.45,0.67,NA,0,NA,0,0.67,0.67,0.14,0.08,0.5,0,0.06,0.06,1,1,0.13,0.01,1,0,0.04,NA,NA,0,0,0.22,0.48,0.45,0.15,0.94,0.17,0.04,0.13,0.31,0.74,0.42,0.25,0.51,0.47,0.48,0.55,0.57,0.52,0.64,0.52,0.48,0.42,0.6,0.57
2026,5188234,Madeline Cooke,Boise St,C,Center,https://a.espncdn.com/i/headshots/womens-college-basketball/players/full/5188234.png,5,0,67,13.4,18,3.6,10.75,18,3.6,10.75,8,1.6,4.78,10,2,5.97,3,0.6,1.79,2,0.4,1.19,4,0.8,2.39,1,0.2,0.6,0.62,NA,0,1,0.15,0.62,0.65,0.11,0.09,0.07,0.15,0.18,0.06,0.96,1,0.85,1,0.09,0.95,0.45,NA,1,0.46,0.07,0.24,0.49,0.44,0.08,0.15,0.18,0.09,0.19,0.27,0.75,0.16,0.27,0.31,0.55,0.57,0.77,0.78,0.57,0.73,0.53,0.17,0.9,0.65,0.63
2026,5238280,Morelia Chavez,Fresno St,F,Forward,https://a.espncdn.com/i/headshots/womens-college-basketball/players/full/5238280.png,27,0,336,12.44,101,3.74,12.02,57,2.11,6.79,15,0.56,1.79,42,1.56,5,12,0.44,1.43,6,0.22,0.71,4,0.15,0.48,20,0.74,2.38,0.33,0.27,0.56,0.59,0.2,0.41,0.43,0.2,0.07,0.15,0.05,0.17,0.5,0.18,0.18,0.48,0.14,0.27,0.09,0.31,0.46,0.17,0.94,0.32,0.2,0.5,0.47,0.09,0.71,0.19,0.09,0.2,0.28,0.69,0.18,0.28,0.51,0.42,0.45,0.54,0.64,0.51,0.6,0.53,0.48,0.38,0.55,0.53
2026,5238315,Casey Valenti-Paea,Grand Canyon,G,Guard,https://a.espncdn.com/i/headshots/womens-college-basketball/players/full/5238315.png,23,10,403,17.52,105,4.57,10.42,49,2.13,4.86,11,0.48,1.09,38,1.65,3.77,38,1.65,3.77,15,0.65,1.49,4,0.17,0.4,26,1.13,2.58,0.36,0.33,0.52,0.82,0.22,0.44,0.49,0.16,0.19,0.19,0.03,0.12,0.15,0.47,0.48,0.74,0.32,0.73,0.61,0.45,0.62,0.75,0.74,0.44,0.22,0.48,0.45,0.15,0.94,0.17,0.04,0.13,0.31,0.74,0.42,0.25,0.51,0.47,0.48,0.55,0.57,0.52,0.64,0.52,0.48,0.42,0.6,0.57
2026,5239090,Tahj-Monet Bloom,Nevada,F,Forward,https://a.espncdn.com/i/headshots/womens-college-basketball/players/full/5239090.png,22,1,163,7.41,34,1.55,8.34,36,1.64,8.83,9,0.41,2.21,27,1.23,6.63,8,0.36,1.96,6,0.27,1.47,1,0.05,0.25,24,1.09,5.89,0.25,0.05,0.36,0.5,0.18,0.26,0.28,0.27,0.11,0.28,0.07,0.22,0.99,0.01,0.01,0.62,0.17,0.97,0.26,0.72,0.06,0.07,0.88,0.18,0.2,0.5,0.47,0.09,0.71,0.19,0.09,0.2,0.28,0.69,0.18,0.28,0.51,0.42,0.45,0.54,0.64,0.51,0.6,0.53,0.48,0.38,0.55,0.53
2026,5239102,Favor Ayodele,Grand Canyon,F,Forward,https://a.espncdn.com/i/headshots/womens-college-basketball/players/full/5239102.png,13,1,159,12.23,34,2.62,8.55,51,3.92,12.83,28,2.15,7.04,23,1.77,5.79,4,0.31,1.01,6,0.46,1.51,7,0.54,1.76,16,1.23,4.03,0.39,NA,0,0.4,0.42,0.39,0.4,0.18,0.05,0.27,0.22,0.19,0.34,0.07,0.09,0.27,0.36,0.95,1,0.43,NA,0.04,0.04,0.86,0.2,0.5,0.47,0.09,0.71,0.19,0.09,0.2,0.28,0.69,0.18,0.28,0.51,0.42,0.45,0.54,0.64,0.51,0.6,0.53,0.48,0.38,0.55,0.53
2026,5239454,Chloe Mann,Grand Canyon,G,Guard,https://a.espncdn.com/i/headshots/womens-college-basketball/players/full/5239454.png,32,32,986,30.81,415,12.97,16.84,106,3.31,4.3,11,0.34,0.45,95,2.97,3.85,97,3.03,3.94,38,1.19,1.54,4,0.12,0.16,97,3.03,3.94,0.36,0.31,0.4,0.84,0.42,0.42,0.51,0.25,0.22,0.19,0.01,0.12,0.79,0.65,0.37,0.87,0.7,0.72,0.19,0.49,0.46,0.86,0.59,0.93,0.22,0.48,0.45,0.15,0.94,0.17,0.04,0.13,0.31,0.74,0.42,0.25,0.51,0.47,0.48,0.55,0.57,0.52,0.64,0.52,0.48,0.42,0.6,0.57
2026,5240705,Aurore Eyango,Wyoming,G,Guard,https://a.espncdn.com/i/headshots/womens-college-basketball/players/full/5240705.png,28,1,316,11.29,60,2.14,7.59,44,1.57,5.57,8,0.29,1.01,36,1.29,4.56,27,0.96,3.42,30,1.07,3.8,2,0.07,0.25,20,0.71,2.53,0.45,0.5,0.04,0.55,0.38,0.46,0.49,0.15,0.19,0.24,0.03,0.14,0.07,0.47,0.58,0.69,0.65,0.91,0.62,0.66,1,0.07,0.01,0.85,0.22,0.48,0.45,0.15,0.94,0.17,0.04,0.13,0.31,0.74,0.42,0.25,0.51,0.47,0.48,0.55,0.57,0.52,0.64,0.52,0.48,0.42,0.6,0.57
2026,5242235,Tanah Gorman,Air Force,F,Forward,https://a.espncdn.com/i/headshots/womens-college-basketball/players/full/5242235.png,5,0,7,1.4,0,0,0,1,0.2,5.71,0,0,0,1,0.2,5.71,0,0,0,0,0,0,0,0,0,0,0,0,0,NA,0,0,0.67,0,0,0.28,0,0,0,0.22,1,0,0,0,0,0,0,0.71,NA,0,0.04,1,0.2,0.5,0.47,0.09,0.71,0.19,0.09,0.2,0.28,0.69,0.18,0.28,0.51,0.42,0.45,0.54,0.64,0.51,0.6,0.53,0.48,0.38,0.55,0.53
2026,5242247,Libby Hutton,Boise St,F,Forward,https://a.espncdn.com/i/headshots/womens-college-basketball/players/full/5242247.png,34,33,884,26,361,10.62,16.33,218,6.41,9.86,67,1.97,3.03,151,4.44,6.83,52,1.53,2.35,25,0.74,1.13,28,0.82,1.27,61,1.79,2.76,0.48,0.25,0.03,0.72,0.39,0.48,0.53,0.22,0.12,0.15,0.1,0.21,0.66,0.67,0.58,0.71,0.67,0.37,0.66,0.61,0.27,0.56,0.27,0.85,0.2,0.5,0.47,0.09,0.71,0.19,0.09,0.2,0.28,0.69,0.18,0.28,0.51,0.42,0.45,0.54,0.64,0.51,0.6,0.53,0.48,0.38,0.55,0.53
2026,5242454,Kloe Froebe,Colorado St,G,Guard,https://a.espncdn.com/i/headshots/womens-college-basketball/players/full/5242454.png,35,35,1015,29,375,10.71,14.78,237,6.77,9.34,85,2.43,3.35,152,4.34,5.99,83,2.37,3.27,22,0.63,0.87,5,0.14,0.2,50,1.43,1.97,0.44,0.36,0.26,0.65,0.41,0.49,0.53,0.22,0.18,0.12,0.11,0.18,0.54,0.76,0.74,0.63,0.31,0.22,0.97,0.87,0.73,0.19,0.19,0.91,0.22,0.48,0.45,0.15,0.94,0.17,0.04,0.13,0.31,0.74,0.42,0.25,0.51,0.47,0.48,0.55,0.57,0.52,0.64,0.52,0.48,0.42,0.6,0.57
2026,5242455,Brooke Carlson,Colorado St,G,Guard,https://a.espncdn.com/i/headshots/womens-college-basketball/players/full/5242455.png,35,35,1103,31.51,411,11.74,14.9,94,2.69,3.41,14,0.4,0.51,80,2.29,2.9,108,3.09,3.92,49,1.4,1.78,10,0.29,0.36,66,1.89,2.39,0.42,0.25,0.31,0.79,0.45,0.46,0.53,0.22,0.21,0.15,0.02,0.09,0.61,0.8,0.61,0.82,0.83,0.31,0.27,0.2,0.16,0.66,0.27,0.97,0.22,0.48,0.45,0.15,0.94,0.17,0.04,0.13,0.31,0.74,0.42,0.25,0.51,0.47,0.48,0.55,0.57,0.52,0.64,0.52,0.48,0.42,0.6,0.57
2026,5242457,Caitlin Kramer,Colorado St,G,Guard,https://a.espncdn.com/i/headshots/womens-college-basketball/players/full/5242457.png,10,0,32,3.2,5,0.5,6.25,7,0.7,8.75,0,0,0,7,0.7,8.75,1,0.1,1.25,2,0.2,2.5,1,0.1,1.25,0,0,0,0.33,0.33,0.5,0,0.33,0.42,0.36,0.12,0.06,0,0,0.26,0.01,0.05,0.31,0.08,0.02,0,0,1,0.62,0,0.72,0.75,0.22,0.48,0.45,0.15,0.94,0.17,0.04,0.13,0.31,0.74,0.42,0.25,0.51,0.47,0.48,0.55,0.57,0.52,0.64,0.52,0.48,0.42,0.6,0.57
2026,5242458,Olivia Pawlicki,Colorado St,F,Forward,https://a.espncdn.com/i/headshots/womens-college-basketball/players/full/5242458.png,10,0,32,3.2,11,1.1,13.75,6,0.6,7.5,1,0.1,1.25,5,0.5,6.25,2,0.2,2.5,0,0,0,1,0.1,1.25,1,0.1,1.25,0.36,0.3,0.91,NA,0,0.5,0.5,0.21,0.13,0.08,0.04,0.19,0.5,0.4,0.74,0.86,0,0,0.05,0.43,0.49,NA,1,0.01,0.2,0.5,0.47,0.09,0.71,0.19,0.09,0.2,0.28,0.69,0.18,0.28,0.51,0.42,0.45,0.54,0.64,0.51,0.6,0.53,0.48,0.38,0.55,0.53
2026,5242459,McKenna Murphy,Colorado St,G,Guard,https://a.espncdn.com/i/headshots/womens-college-basketball/players/full/5242459.png,35,1,480,13.71,173,4.94,14.42,66,1.89,5.5,3,0.09,0.25,63,1.8,5.25,21,0.6,1.75,11,0.31,0.92,3,0.09,0.25,14,0.4,1.17,0.39,0.39,0.82,0.88,0.05,0.55,0.56,0.19,0.09,0.08,0.01,0.16,0.39,0.89,0.95,0.18,0.06,0.01,0.11,0.77,0.89,0.99,0.98,0.02,0.22,0.48,0.45,0.15,0.94,0.17,0.04,0.13,0.31,0.74,0.42,0.25,0.51,0.47,0.48,0.55,0.57,0.52,0.64,0.52,0.48,0.42,0.6,0.57
2026,5242460,Aloni Oliver,Fresno St,G,Guard,https://a.espncdn.com/i/headshots/womens-college-basketball/players/full/5242460.png,19,1,93,4.89,16,0.84,6.88,14,0.74,6.02,3,0.16,1.29,11,0.58,4.73,3,0.16,1.29,4,0.21,1.72,1,0.05,0.43,5,0.26,2.15,0.26,0.17,0.63,0.5,0.42,0.32,0.36,0.14,0.06,0.18,0.04,0.16,0.06,0.04,0.02,0.09,0.02,0.62,0.66,0.77,0.03,0.03,0.88,0.93,0.22,0.48,0.45,0.15,0.94,0.17,0.04,0.13,0.31,0.74,0.42,0.25,0.51,0.47,0.48,0.55,0.57,0.52,0.64,0.52,0.48,0.42,0.6,0.57
2026,5242461,Danae Powell,Fresno St,G,Guard,https://a.espncdn.com/i/headshots/womens-college-basketball/players/full/5242461.png,33,33,1070,32.42,405,12.27,15.14,116,3.52,4.34,41,1.24,1.53,75,2.27,2.8,72,2.18,2.69,43,1.3,1.61,3,0.09,0.11,83,2.52,3.1,0.41,0.41,0.37,0.77,0.29,0.49,0.53,0.21,0.15,0.18,0.05,0.09,0.49,0.78,0.72,0.52,0.76,0.57,0.74,0.29,0.97,0.56,0.46,0.66,0.22,0.48,0.45,0.15,0.94,0.17,0.04,0.13,0.31,0.74,0.42,0.25,0.51,0.47,0.48,0.55,0.57,0.52,0.64,0.52,0.48,0.42,0.6,0.57
2026,5242463,Kendra Hicks,Nevada,F,Forward,https://a.espncdn.com/i/headshots/womens-college-basketball/players/full/5242463.png,29,2,401,13.83,102,3.52,10.17,83,2.86,8.28,31,1.07,3.09,52,1.79,5.19,23,0.79,2.29,11,0.38,1.1,0,0,0,29,1,2.89,0.48,0.14,0.09,0.59,0.48,0.49,0.52,0.16,0.13,0.23,0.1,0.17,0.25,0.58,0.63,0.77,0.29,0.74,0.67,0.33,0.1,0.15,0.42,0.96,0.2,0.5,0.47,0.09,0.71,0.19,0.09,0.2,0.28,0.69,0.18,0.28,0.51,0.42,0.45,0.54,0.64,0.51,0.6,0.53,0.48,0.38,0.55,0.53
2026,5242465,Destinee Hooks,New Mexico,G,Guard,https://a.espncdn.com/i/headshots/womens-college-basketball/players/full/5242465.png,32,31,781,24.41,428,13.38,21.92,105,3.28,5.38,39,1.22,2,66,2.06,3.38,32,1,1.64,29,0.91,1.49,6,0.19,0.31,73,2.28,3.74,0.4,0.3,0.37,0.74,0.24,0.46,0.49,0.32,0.1,0.14,0.06,0.11,0.95,0.54,0.56,0.22,0.55,0.29,0.85,0.38,0.42,0.42,0.41,0.53,0.22,0.48,0.45,0.15,0.94,0.17,0.04,0.13,0.31,0.74,0.42,0.25,0.51,0.47,0.48,0.55,0.57,0.52,0.64,0.52,0.48,0.42,0.6,0.57
2026,5242466,Nayli Padilla,New Mexico,G,Guard,https://a.espncdn.com/i/headshots/womens-college-basketball/players/full/5242466.png,32,8,797,24.91,257,8.03,12.9,95,2.97,4.77,10,0.31,0.5,85,2.66,4.27,60,1.88,3.01,42,1.31,2.11,7,0.22,0.35,55,1.72,2.76,0.37,0.35,0.62,0.72,0.17,0.48,0.5,0.19,0.15,0.18,0.01,0.14,0.37,0.61,0.7,0.5,0.77,0.53,0.22,0.61,0.71,0.37,0.87,0.29,0.22,0.48,0.45,0.15,0.94,0.17,0.04,0.13,0.31,0.74,0.42,0.25,0.51,0.47,0.48,0.55,0.57,0.52,0.64,0.52,0.48,0.42,0.6,0.57
2026,5242467,Joana Magalhaes,New Mexico,G,Guard,https://a.espncdn.com/i/headshots/womens-college-basketball/players/full/5242467.png,30,28,740,24.67,262,8.73,14.16,64,2.13,3.46,4,0.13,0.22,60,2,3.24,51,1.7,2.76,49,1.63,2.65,3,0.1,0.16,61,2.03,3.3,0.4,0.23,0.33,0.65,0.29,0.44,0.47,0.22,0.14,0.18,0.01,0.1,0.57,0.42,0.45,0.47,0.94,0.59,0.06,0.35,0.1,0.16,0.31,0.71,0.22,0.48,0.45,0.15,0.94,0.17,0.04,0.13,0.31,0.74,0.42,0.25,0.51,0.47,0.48,0.55,0.57,0.52,0.64,0.52,0.48,0.42,0.6,0.57
2026,5242470,Kaelyn Hamilton,San Diego St,G,Guard,https://a.espncdn.com/i/headshots/womens-college-basketball/players/full/5242470.png,33,1,605,18.33,253,7.67,16.73,82,2.48,5.42,14,0.42,0.93,68,2.06,4.5,32,0.97,2.12,33,1,2.18,7,0.21,0.46,45,1.36,2.98,0.51,0.33,0.3,0.78,0.2,0.56,0.58,0.23,0.11,0.17,0.03,0.14,0.63,0.96,0.98,0.31,0.62,0.51,0.51,0.63,0.62,0.58,0.25,0.36,0.22,0.48,0.45,0.15,0.94,0.17,0.04,0.13,0.31,0.74,0.42,0.25,0.51,0.47,0.48,0.55,0.57,0.52,0.64,0.52,0.48,0.42,0.6,0.57
2026,5242471,Bailey Barnhard,San Diego St,F,Forward,https://a.espncdn.com/i/headshots/womens-college-basketball/players/full/5242471.png,33,33,708,21.45,251,7.61,14.18,174,5.27,9.83,50,1.52,2.82,124,3.76,7.01,36,1.09,2.03,18,0.55,1.02,25,0.76,1.41,23,0.7,1.3,0.45,0.37,0.23,0.71,0.2,0.49,0.52,0.2,0.1,0.09,0.09,0.22,0.48,0.57,0.67,0.58,0.49,0.03,0.62,0.71,0.79,0.49,0.74,0.3,0.2,0.5,0.47,0.09,0.71,0.19,0.09,0.2,0.28,0.69,0.18,0.28,0.51,0.42,0.45,0.54,0.64,0.51,0.6,0.53,0.48,0.38,0.55,0.53
2026,5242472,Nat Martinez,San Diego St,G,Guard,https://a.espncdn.com/i/headshots/womens-college-basketball/players/full/5242472.png,33,33,922,27.94,316,9.58,13.71,89,2.7,3.86,10,0.3,0.43,79,2.39,3.43,68,2.06,2.95,25,0.76,1.08,5,0.15,0.22,61,1.85,2.65,0.41,0.36,0.62,0.83,0.39,0.52,0.59,0.19,0.14,0.18,0.01,0.11,0.34,0.98,0.93,0.44,0.44,0.7,0.21,0.37,0.75,0.83,0.88,0.88,0.22,0.48,0.45,0.15,0.94,0.17,0.04,0.13,0.31,0.74,0.42,0.25,0.51,0.47,0.48,0.55,0.57,0.52,0.64,0.52,0.48,0.42,0.6,0.57
2026,5242473,Naomi Panganiban,San Diego St,G,Guard,https://a.espncdn.com/i/headshots/womens-college-basketball/players/full/5242473.png,33,33,955,28.94,483,14.64,20.23,67,2.03,2.81,13,0.39,0.54,54,1.64,2.26,73,2.21,3.06,25,0.76,1.05,4,0.12,0.17,54,1.64,2.26,0.43,0.39,0.43,0.86,0.29,0.51,0.57,0.27,0.16,0.11,0.02,0.07,0.81,0.94,0.89,0.59,0.46,0.12,0.32,0.12,0.94,0.91,0.64,0.69,0.22,0.48,0.45,0.15,0.94,0.17,0.04,0.13,0.31,0.74,0.42,0.25,0.51,0.47,0.48,0.55,0.57,0.52,0.64,0.52,0.48,0.42,0.6,0.57
2026,5242474,Mecca Alexander,San José St,G,Guard,https://a.espncdn.com/i/headshots/womens-college-basketball/players/full/5242474.png,27,2,173,6.41,38,1.41,8.79,11,0.41,2.54,2,0.07,0.46,9,0.33,2.08,8,0.3,1.85,2,0.07,0.46,0,0,0,19,0.7,4.39,0.43,0.38,0.43,0.64,0.37,0.52,0.55,0.15,0.12,0.35,0.01,0.06,0.11,0.84,0.92,0.32,0.01,1,0.17,0.04,0.87,0.13,0.64,0.84,0.22,0.48,0.45,0.15,0.94,0.17,0.04,0.13,0.31,0.74,0.42,0.25,0.51,0.47,0.48,0.55,0.57,0.52,0.64,0.52,0.48,0.42,0.6,0.57
2026,5242475,Rylei Waugh,San José St,G,Guard,https://a.espncdn.com/i/headshots/womens-college-basketball/players/full/5242475.png,9,5,253,28.11,89,9.89,14.07,47,5.22,7.43,10,1.11,1.58,37,4.11,5.85,23,2.56,3.64,12,1.33,1.9,3,0.33,0.47,26,2.89,4.11,0.35,0.24,0.22,0.81,0.46,0.38,0.47,0.24,0.25,0.22,0.05,0.16,0.68,0.34,0.13,0.91,0.77,0.85,0.74,0.78,0.13,0.73,0.09,0.99,0.22,0.48,0.45,0.15,0.94,0.17,0.04,0.13,0.31,0.74,0.42,0.25,0.51,0.47,0.48,0.55,0.57,0.52,0.64,0.52,0.48,0.42,0.6,0.57
2026,5242476,Stella Sgro,San José St,G,Guard,https://a.espncdn.com/i/headshots/womens-college-basketball/players/full/5242476.png,29,17,590,20.34,132,4.55,8.95,89,3.07,6.03,14,0.48,0.95,75,2.59,5.08,45,1.55,3.05,21,0.72,1.42,7,0.24,0.47,42,1.45,2.85,0.25,0.23,0.79,0.65,0.09,0.34,0.35,0.19,0.19,0.18,0.03,0.14,0.38,0.03,0.05,0.7,0.4,0.66,0.5,0.65,0.12,0.14,0.97,0.07,0.22,0.48,0.45,0.15,0.94,0.17,0.04,0.13,0.31,0.74,0.42,0.25,0.51,0.47,0.48,0.55,0.57,0.52,0.64,0.52,0.48,0.42,0.6,0.57
2026,5242477,Teagan Colvin,UNLV,G,Guard,https://a.espncdn.com/i/headshots/womens-college-basketball/players/full/5242477.png,22,9,332,15.09,61,2.77,7.35,49,2.23,5.9,15,0.68,1.81,34,1.55,4.1,44,2,5.3,10,0.45,1.2,1,0.05,0.12,30,1.36,3.61,0.38,0.29,0.35,0.65,0.65,0.43,0.49,0.14,0.23,0.33,0.06,0.12,0.05,0.54,0.39,0.89,0.15,0.99,0.81,0.44,0.37,0.14,0.35,1,0.22,0.48,0.45,0.15,0.94,0.17,0.04,0.13,0.31,0.74,0.42,0.25,0.51,0.47,0.48,0.55,0.57,0.52,0.64,0.52,0.48,0.42,0.6,0.57
2026,5242482,CJ Latta,San Diego St,G,Guard,https://a.espncdn.com/i/headshots/womens-college-basketball/players/full/5242482.png,33,0,524,15.88,93,2.82,7.1,40,1.21,3.05,2,0.06,0.15,38,1.15,2.9,25,0.76,1.91,9,0.27,0.69,4,0.12,0.31,23,0.7,1.76,0.39,0.37,0.88,0.62,0.1,0.55,0.56,0.11,0.08,0.22,0.01,0.09,0.01,0.92,0.96,0.13,0.05,0.85,0.02,0.22,0.8,0.11,1,0.07,0.22,0.48,0.45,0.15,0.94,0.17,0.04,0.13,0.31,0.74,0.42,0.25,0.51,0.47,0.48,0.55,0.57,0.52,0.64,0.52,0.48,0.42,0.6,0.57
2026,5242484,Elise Livingston,Utah State,G,Guard,https://a.espncdn.com/i/headshots/womens-college-basketball/players/full/5242484.png,30,27,886,29.53,243,8.1,10.97,79,2.63,3.57,12,0.4,0.54,67,2.23,3.02,38,1.27,1.72,18,0.6,0.81,0,0,0,50,1.67,2.26,0.38,0.36,0.6,0.86,0.16,0.49,0.52,0.17,0.1,0.18,0.02,0.09,0.18,0.72,0.75,0.23,0.23,0.55,0.3,0.27,0.77,0.95,0.83,0.26,0.22,0.48,0.45,0.15,0.94,0.17,0.04,0.13,0.31,0.74,0.42,0.25,0.51,0.47,0.48,0.55,0.57,0.52,0.64,0.52,0.48,0.42,0.6,0.57
2026,5242487,Jamisyn Heaton,Utah State,G,Guard,https://a.espncdn.com/i/headshots/womens-college-basketball/players/full/5242487.png,27,21,681,25.22,228,8.44,13.39,116,4.3,6.81,35,1.3,2.06,81,3,4.76,31,1.15,1.82,40,1.48,2.35,13,0.48,0.76,52,1.93,3.05,0.41,0.25,0.25,0.73,0.31,0.44,0.49,0.22,0.11,0.18,0.06,0.14,0.52,0.49,0.47,0.3,0.88,0.64,0.89,0.68,0.17,0.39,0.17,0.72,0.22,0.48,0.45,0.15,0.94,0.17,0.04,0.13,0.31,0.74,0.42,0.25,0.51,0.47,0.48,0.55,0.57,0.52,0.64,0.52,0.48,0.42,0.6,0.57
2026,5242488,Logann Alvar,Wyoming,F,Forward,https://a.espncdn.com/i/headshots/womens-college-basketball/players/full/5242488.png,30,30,639,21.3,163,5.43,10.2,95,3.17,5.95,27,0.9,1.69,68,2.27,4.26,11,0.37,0.69,14,0.47,0.88,5,0.17,0.31,28,0.93,1.75,0.42,0.24,0.2,0.81,0.13,0.45,0.47,0.18,0.04,0.14,0.06,0.13,0.28,0.29,0.41,0.19,0.39,0.25,0.15,0.14,0.26,0.89,0.63,0.07,0.2,0.5,0.47,0.09,0.71,0.19,0.09,0.2,0.28,0.69,0.18,0.28,0.51,0.42,0.45,0.54,0.64,0.51,0.6,0.53,0.48,0.38,0.55,0.53
2026,5242489,Lana Beslic,Wyoming,G,Guard,https://a.espncdn.com/i/headshots/womens-college-basketball/players/full/5242489.png,29,7,525,18.1,65,2.24,4.95,81,2.79,6.17,13,0.45,0.99,68,2.34,5.18,59,2.03,4.5,16,0.55,1.22,3,0.1,0.23,51,1.76,3.89,0.27,0.14,0.39,0.5,0.27,0.29,0.32,0.16,0.23,0.34,0.03,0.16,0.17,0.02,0.02,0.88,0.2,0.99,0.59,0.79,0.03,0.04,0.5,0.58,0.22,0.48,0.45,0.15,0.94,0.17,0.04,0.13,0.31,0.74,0.42,0.25,0.51,0.47,0.48,0.55,0.57,0.52,0.64,0.52,0.48,0.42,0.6,0.57
2026,5242490,Heidur Karlsdottir,Wyoming,F,Forward,https://a.espncdn.com/i/headshots/womens-college-basketball/players/full/5242490.png,29,0,431,14.86,82,2.83,7.61,93,3.21,8.63,29,1,2.69,64,2.21,5.94,26,0.9,2.41,4,0.14,0.37,27,0.93,2.51,35,1.21,3.25,0.57,0,0.03,0.64,0.43,0.57,0.59,0.14,0.13,0.34,0.09,0.18,0.08,0.98,0.95,0.88,0.07,0.99,0.56,0.43,0.04,0.31,0.33,0.88,0.2,0.5,0.47,0.09,0.71,0.19,0.09,0.2,0.28,0.69,0.18,0.28,0.51,0.42,0.45,0.54,0.64,0.51,0.6,0.53,0.48,0.38,0.55,0.53
2026,5242491,Karoline Lundin,Wyoming,G,Guard,https://a.espncdn.com/i/headshots/womens-college-basketball/players/full/5242491.png,12,0,65,5.42,21,1.75,12.92,7,0.58,4.31,0,0,0,7,0.58,4.31,2,0.17,1.23,0,0,0,0,0,0,5,0.42,3.08,0.5,0.45,0.79,1,0.14,0.68,0.71,0.17,0.07,0.25,0,0.13,0.21,1,1,0.09,0,0.92,0,0.58,1,1,0.96,0.16,0.22,0.48,0.45,0.15,0.94,0.17,0.04,0.13,0.31,0.74,0.42,0.25,0.51,0.47,0.48,0.55,0.57,0.52,0.64,0.52,0.48,0.42,0.6,0.57
2026,5242661,Maia Rosarion,Nevada,F,Forward,https://a.espncdn.com/i/headshots/womens-college-basketball/players/full/5242661.png,28,1,268,9.57,141,5.04,21.04,61,2.18,9.1,24,0.86,3.58,37,1.32,5.52,9,0.32,1.34,9,0.32,1.34,4,0.14,0.6,16,0.57,2.39,0.53,0.33,0.3,0.61,0.21,0.58,0.59,0.26,0.1,0.12,0.11,0.18,0.98,0.96,0.98,0.54,0.25,0.1,0.78,0.38,0.74,0.23,0.86,0.34,0.2,0.5,0.47,0.09,0.71,0.19,0.09,0.2,0.28,0.69,0.18,0.28,0.51,0.42,0.45,0.54,0.64,0.51,0.6,0.53,0.48,0.38,0.55,0.53
2026,5256486,Emilia Long,Fresno St,G,Guard,https://a.espncdn.com/i/headshots/womens-college-basketball/players/full/5256486.png,33,33,1063,32.21,447,13.55,16.82,150,4.55,5.64,30,0.91,1.13,120,3.64,4.52,122,3.7,4.59,77,2.33,2.9,7,0.21,0.26,91,2.76,3.42,0.41,0.33,0.25,0.84,0.23,0.45,0.5,0.25,0.27,0.17,0.03,0.15,0.76,0.59,0.53,0.97,1,0.46,0.61,0.72,0.6,0.89,0.16,0.49,0.22,0.48,0.45,0.15,0.94,0.17,0.04,0.13,0.31,0.74,0.42,0.25,0.51,0.47,0.48,0.55,0.57,0.52,0.64,0.52,0.48,0.42,0.6,0.57
2026,5256487,Ashlyn Rean,Fresno St,F,Forward,https://a.espncdn.com/i/headshots/womens-college-basketball/players/full/5256487.png,6,5,151,25.17,76,12.67,20.13,42,7,11.13,10,1.67,2.65,32,5.33,8.48,3,0.5,0.79,8,1.33,2.12,3,0.5,0.79,17,2.83,4.5,0.54,NA,0,0.57,0.22,0.54,0.55,0.28,0.05,0.2,0.08,0.28,1,0.75,0.89,0.29,0.88,0.54,0.4,0.94,NA,0.11,0.05,0.36,0.2,0.5,0.47,0.09,0.71,0.19,0.09,0.2,0.28,0.69,0.18,0.28,0.51,0.42,0.45,0.54,0.64,0.51,0.6,0.53,0.48,0.38,0.55,0.53
2026,5256489,Hedda Koehne,Fresno St,F,Forward,https://a.espncdn.com/i/headshots/womens-college-basketball/players/full/5256489.png,32,6,546,17.06,107,3.34,7.84,117,3.66,8.57,42,1.31,3.08,75,2.34,5.49,14,0.44,1.03,16,0.5,1.17,10,0.31,0.73,41,1.28,3,0.39,0,0.01,0.74,0.2,0.39,0.43,0.15,0.05,0.25,0.09,0.18,0.15,0.16,0.11,0.26,0.46,0.92,0.59,0.41,0.04,0.64,0.13,0.23,0.2,0.5,0.47,0.09,0.71,0.19,0.09,0.2,0.28,0.69,0.18,0.28,0.51,0.42,0.45,0.54,0.64,0.51,0.6,0.53,0.48,0.38,0.55,0.53
2026,5312954,Kaia Foster,New Mexico,G,Guard,https://a.espncdn.com/i/headshots/womens-college-basketball/players/full/5312954.png,21,0,130,6.19,55,2.62,16.92,29,1.38,8.92,7,0.33,2.15,22,1.05,6.77,3,0.14,0.92,1,0.05,0.31,6,0.29,1.85,6,0.29,1.85,0.31,0.29,0.72,0.78,0.16,0.41,0.44,0.25,0.05,0.09,0.06,0.22,0.79,0.24,0.28,0.07,0.01,0.02,0.88,0.96,0.36,0.58,0.93,0.23,0.22,0.48,0.45,0.15,0.94,0.17,0.04,0.13,0.31,0.74,0.42,0.25,0.51,0.47,0.48,0.55,0.57,0.52,0.64,0.52,0.48,0.42,0.6,0.57
2026,5312955,Cacia Antonio,New Mexico,G,Guard,https://a.espncdn.com/i/headshots/womens-college-basketball/players/full/5312955.png,29,28,768,26.48,299,10.31,15.57,151,5.21,7.86,60,2.07,3.12,91,3.14,4.74,47,1.62,2.45,41,1.41,2.14,9,0.31,0.47,69,2.38,3.59,0.41,0.31,0.29,0.7,0.24,0.46,0.49,0.24,0.13,0.18,0.09,0.15,0.69,0.5,0.58,0.4,0.85,0.68,0.95,0.75,0.48,0.29,0.22,0.51,0.22,0.48,0.45,0.15,0.94,0.17,0.04,0.13,0.31,0.74,0.42,0.25,0.51,0.47,0.48,0.55,0.57,0.52,0.64,0.52,0.48,0.42,0.6,0.57
2026,5312957,Leonor Peixinho,New Mexico,F,Forward,https://a.espncdn.com/i/headshots/womens-college-basketball/players/full/5312957.png,13,0,30,2.31,7,0.54,9.33,8,0.62,10.67,5,0.38,6.67,3,0.23,4,1,0.08,1.33,1,0.08,1.33,0,0,0,0,0,0,0.25,0,0.25,0.5,2.5,0.25,0.42,0.14,0.06,0,0.2,0.13,0.05,0.08,0,0.29,0,0,0.96,0.07,0.04,0.08,0.8,1,0.2,0.5,0.47,0.09,0.71,0.19,0.09,0.2,0.28,0.69,0.18,0.28,0.51,0.42,0.45,0.54,0.64,0.51,0.6,0.53,0.48,0.38,0.55,0.53
2026,5312958,Tyler Jones,New Mexico,G,Guard,https://a.espncdn.com/i/headshots/womens-college-basketball/players/full/5312958.png,24,0,165,6.88,24,1,5.82,15,0.62,3.64,2,0.08,0.48,13,0.54,3.15,21,0.88,5.09,11,0.46,2.67,0,0,0,19,0.79,4.61,0.2,0.07,0.34,0.42,0.27,0.22,0.24,0.2,0.22,0.28,0.01,0.1,0.41,0,0,0.87,0.15,0.96,0.19,0.33,0,0.01,0.31,0.59,0.22,0.48,0.45,0.15,0.94,0.17,0.04,0.13,0.31,0.74,0.42,0.25,0.51,0.47,0.48,0.55,0.57,0.52,0.64,0.52,0.48,0.42,0.6,0.57
2026,5312959,Emma Najjuma,New Mexico,F,Forward,https://a.espncdn.com/i/headshots/womens-college-basketball/players/full/5312959.png,32,9,528,16.5,101,3.16,7.65,202,6.31,15.3,84,2.62,6.36,118,3.69,8.94,10,0.31,0.76,10,0.31,0.76,21,0.66,1.59,22,0.69,1.67,0.65,NA,0,0.39,0.32,0.65,0.62,0.09,0.04,0.21,0.19,0.29,0.01,0.99,1,0.05,0.23,0.62,0.96,0.96,NA,0.03,0.06,0.64,0.2,0.5,0.47,0.09,0.71,0.19,0.09,0.2,0.28,0.69,0.18,0.28,0.51,0.42,0.45,0.54,0.64,0.51,0.6,0.53,0.48,0.38,0.55,0.53
2026,5312960,Jessie Joaquim,New Mexico,F,Forward,https://a.espncdn.com/i/headshots/womens-college-basketball/players/full/5312960.png,30,14,537,17.9,120,4,8.94,208,6.93,15.49,91,3.03,6.78,117,3.9,8.72,11,0.37,0.82,19,0.63,1.42,5,0.17,0.37,21,0.7,1.56,0.54,0,0.01,0.58,0.42,0.54,0.56,0.12,0.04,0.16,0.2,0.28,0.03,0.84,0.9,0.12,0.59,0.42,0.99,0.93,0.04,0.13,0.15,0.87,0.2,0.5,0.47,0.09,0.71,0.19,0.09,0.2,0.28,0.69,0.18,0.28,0.51,0.42,0.45,0.54,0.64,0.51,0.6,0.53,0.48,0.38,0.55,0.53
2026,5312961,Laila Abdurraqib,New Mexico,G,Guard,https://a.espncdn.com/i/headshots/womens-college-basketball/players/full/5312961.png,32,1,655,20.47,239,7.47,14.6,68,2.12,4.15,7,0.22,0.43,61,1.91,3.73,40,1.25,2.44,21,0.66,1.28,5,0.16,0.31,28,0.88,1.71,0.4,0.38,0.69,0.71,0.15,0.53,0.55,0.18,0.12,0.11,0.01,0.12,0.28,0.86,0.94,0.34,0.33,0.14,0.17,0.43,0.87,0.36,0.93,0.23,0.22,0.48,0.45,0.15,0.94,0.17,0.04,0.13,0.31,0.74,0.42,0.25,0.51,0.47,0.48,0.55,0.57,0.52,0.64,0.52,0.48,0.42,0.6,0.57
2026,5314981,AJ Mannering,Air Force,G,Guard,https://a.espncdn.com/i/headshots/womens-college-basketball/players/full/5314981.png,9,0,28,3.11,3,0.33,4.29,6,0.67,8.57,3,0.33,4.29,3,0.33,4.29,4,0.44,5.71,0,0,0,0,0,0,3,0.33,4.29,0.33,0.33,1,NA,0,0.5,0.5,0.11,0.28,0.5,0.12,0.16,0.01,0.61,0.82,0.98,0,1,0.98,0.79,0.62,NA,1,0,0.22,0.48,0.45,0.15,0.94,0.17,0.04,0.13,0.31,0.74,0.42,0.25,0.51,0.47,0.48,0.55,0.57,0.52,0.64,0.52,0.48,0.42,0.6,0.57
2026,5314982,Maddy Jensen,Air Force,G,Guard,https://a.espncdn.com/i/headshots/womens-college-basketball/players/full/5314982.png,21,0,173,8.24,32,1.52,7.4,13,0.62,3.01,0,0,0,13,0.62,3.01,5,0.24,1.16,5,0.24,1.16,0,0,0,16,0.76,3.7,0.28,0.22,0.53,0.43,0.16,0.34,0.35,0.18,0.06,0.26,0,0.11,0.31,0.02,0.04,0.09,0.03,0.92,0.01,0.42,0.08,0.02,0.75,0.27,0.22,0.48,0.45,0.15,0.94,0.17,0.04,0.13,0.31,0.74,0.42,0.25,0.51,0.47,0.48,0.55,0.57,0.52,0.64,0.52,0.48,0.42,0.6,0.57
2026,5314983,Eva Love,Air Force,G,Guard,https://a.espncdn.com/i/headshots/womens-college-basketball/players/full/5314983.png,11,0,100,9.09,25,2.27,10,13,1.18,5.2,3,0.27,1.2,10,0.91,4,1,0.09,0.4,7,0.64,2.8,0,0,0,5,0.45,2,0.36,0.31,0.52,0.5,0.24,0.44,0.45,0.17,0.02,0.15,0.03,0.15,0.17,0.28,0.46,0,0.31,0.35,0.61,0.74,0.46,0.04,0.73,0.51,0.22,0.48,0.45,0.15,0.94,0.17,0.04,0.13,0.31,0.74,0.42,0.25,0.51,0.47,0.48,0.55,0.57,0.52,0.64,0.52,0.48,0.42,0.6,0.57
2026,5314984,Bhret Clay,Air Force,G,Guard,https://a.espncdn.com/i/headshots/womens-college-basketball/players/full/5314984.png,34,17,884,26,172,5.06,7.78,105,3.09,4.75,31,0.91,1.4,74,2.18,3.35,22,0.65,1,34,1,1.54,7,0.21,0.32,32,0.94,1.45,0.34,0.35,0.64,0.75,0.09,0.45,0.46,0.12,0.05,0.15,0.04,0.13,0.03,0.34,0.49,0.08,0.64,0.32,0.69,0.52,0.69,0.48,0.89,0.05,0.22,0.48,0.45,0.15,0.94,0.17,0.04,0.13,0.31,0.74,0.42,0.25,0.51,0.47,0.48,0.55,0.57,0.52,0.64,0.52,0.48,0.42,0.6,0.57
2026,5314986,Julia Leach,Air Force,F,Forward,https://a.espncdn.com/i/headshots/womens-college-basketball/players/full/5314986.png,6,0,14,2.33,7,1.17,20,6,1,17.14,3,0.5,8.57,3,0.5,8.57,0,0,0,0,0,0,0,0,0,1,0.17,2.86,0.4,0,0.2,0.75,0.8,0.4,0.52,0.28,0,0.13,0.24,0.32,1,0.57,0.12,0,0,0.16,1,1,0.04,0.79,0.6,1,0.2,0.5,0.47,0.09,0.71,0.19,0.09,0.2,0.28,0.69,0.18,0.28,0.51,0.42,0.45,0.54,0.64,0.51,0.6,0.53,0.48,0.38,0.55,0.53
2026,5314995,Morgan Maldonado,Boise St,G,Guard,https://a.espncdn.com/i/headshots/womens-college-basketball/players/full/5314995.png,33,0,374,11.33,66,2,7.06,46,1.39,4.92,9,0.27,0.96,37,1.12,3.96,28,0.85,2.99,18,0.55,1.93,1,0.03,0.11,25,0.76,2.67,0.29,0.33,0.22,0.67,0.26,0.32,0.37,0.15,0.13,0.22,0.03,0.12,0.09,0.06,0.03,0.41,0.19,0.88,0.52,0.44,0.63,0.23,0.1,0.58,0.22,0.48,0.45,0.15,0.94,0.17,0.04,0.13,0.31,0.74,0.42,0.25,0.51,0.47,0.48,0.55,0.57,0.52,0.64,0.52,0.48,0.42,0.6,0.57
2026,5314996,Izzie Harms,Boise St,F,Forward,https://a.espncdn.com/i/headshots/womens-college-basketball/players/full/5314996.png,33,0,268,8.12,53,1.61,7.91,34,1.03,5.07,12,0.36,1.79,22,0.67,3.28,8,0.24,1.19,10,0.3,1.49,1,0.03,0.15,18,0.55,2.69,0.33,0.42,0.56,0.67,0.11,0.45,0.46,0.14,0.05,0.24,0.06,0.1,0.1,0.25,0.38,0.29,0.21,0.85,0.12,0.02,0.99,0.32,0.95,0.04,0.2,0.5,0.47,0.09,0.71,0.19,0.09,0.2,0.28,0.69,0.18,0.28,0.51,0.42,0.45,0.54,0.64,0.51,0.6,0.53,0.48,0.38,0.55,0.53
2026,5314997,Mason Borcherding,Boise St,F,Forward,https://a.espncdn.com/i/headshots/womens-college-basketball/players/full/5314997.png,32,0,251,7.84,70,2.19,11.16,69,2.16,11,30,0.94,4.78,39,1.22,6.22,11,0.34,1.75,6,0.19,0.96,5,0.16,0.8,28,0.88,4.46,0.36,0,0.03,0.69,0.36,0.36,0.41,0.22,0.08,0.25,0.15,0.19,0.6,0.08,0.06,0.5,0.12,0.93,0.92,0.48,0.04,0.39,0.22,0.69,0.2,0.5,0.47,0.09,0.71,0.19,0.09,0.2,0.28,0.69,0.18,0.28,0.51,0.42,0.45,0.54,0.64,0.51,0.6,0.53,0.48,0.38,0.55,0.53
2026,5314998,Kenna Garza,Boise St,C,Center,https://a.espncdn.com/i/headshots/womens-college-basketball/players/full/5314998.png,31,0,193,6.23,90,2.9,18.65,30,0.97,6.22,9,0.29,1.87,21,0.68,4.35,7,0.23,1.45,4,0.13,0.83,9,0.29,1.87,17,0.55,3.52,0.43,0.28,0.39,0.75,0.32,0.48,0.53,0.26,0.08,0.17,0.06,0.13,1,0.89,0.91,0.73,0.75,0.5,0.36,0.34,1,0.73,1,0.98,0.24,0.49,0.44,0.08,0.15,0.18,0.09,0.19,0.27,0.75,0.16,0.27,0.31,0.55,0.57,0.77,0.78,0.57,0.73,0.53,0.17,0.9,0.65,0.63
2026,5314999,Jayda Lewis,Boise St,G,Guard,https://a.espncdn.com/i/headshots/womens-college-basketball/players/full/5314999.png,28,0,160,5.71,29,1.04,7.25,23,0.82,5.75,5,0.18,1.25,18,0.64,4.5,10,0.36,2.5,9,0.32,2.25,3,0.11,0.75,23,0.82,5.75,0.5,NA,0,0.33,0.35,0.5,0.48,0.16,0.11,0.43,0.04,0.14,0.16,0.46,0.82,0.31,0.06,1,0.67,0.6,NA,0.01,0,0.8,0.22,0.48,0.45,0.15,0.94,0.17,0.04,0.13,0.31,0.74,0.42,0.25,0.51,0.47,0.48,0.55,0.57,0.52,0.64,0.52,0.48,0.42,0.6,0.57
2026,5315000,Keirra Thompson,Boise St,G,Guard,https://a.espncdn.com/i/headshots/womens-college-basketball/players/full/5315000.png,29,0,202,6.97,22,0.76,4.36,20,0.69,3.96,5,0.17,0.99,15,0.52,2.97,30,1.03,5.94,5,0.17,0.99,0,0,0,12,0.41,2.38,0.26,0.22,0.74,0.5,0.06,0.34,0.35,0.11,0.25,0.27,0.03,0.09,0,0.02,0.05,0.92,0.02,0.95,0.55,0.22,0.08,0.04,0.94,0.02,0.22,0.48,0.45,0.15,0.94,0.17,0.04,0.13,0.31,0.74,0.42,0.25,0.51,0.47,0.48,0.55,0.57,0.52,0.64,0.52,0.48,0.42,0.6,0.57
2026,5315003,Gianna Smith,Colorado St,G,Guard,https://a.espncdn.com/i/headshots/womens-college-basketball/players/full/5315003.png,15,0,43,2.87,9,0.6,8.37,2,0.13,1.86,0,0,0,2,0.13,1.86,1,0.07,0.93,2,0.13,1.86,0,0,0,1,0.07,0.93,0.18,0.14,0.82,0.5,0.12,0.24,0.25,0.24,0.04,0.05,0,0.06,0.74,0,0,0.04,0.01,0,0.01,0.04,0.03,0.04,0.98,0.1,0.22,0.48,0.45,0.15,0.94,0.17,0.04,0.13,0.31,0.74,0.42,0.25,0.51,0.47,0.48,0.55,0.57,0.52,0.64,0.52,0.48,0.42,0.6,0.57
2026,5315007,Ava Marr,Fresno St,G,Guard,https://a.espncdn.com/i/headshots/womens-college-basketball/players/full/5315007.png,33,14,722,21.88,200,6.06,11.08,59,1.79,3.27,19,0.58,1.05,40,1.21,2.22,16,0.48,0.89,30,0.91,1.66,0,0,0,30,0.91,1.66,0.32,0.3,0.65,0.73,0.16,0.42,0.44,0.17,0.04,0.12,0.03,0.07,0.21,0.23,0.33,0.05,0.56,0.17,0.54,0.13,0.44,0.38,0.9,0.24,0.22,0.48,0.45,0.15,0.94,0.17,0.04,0.13,0.31,0.74,0.42,0.25,0.51,0.47,0.48,0.55,0.57,0.52,0.64,0.52,0.48,0.42,0.6,0.57
2026,5315008,Briana Webb,Fresno St,G,Guard,https://a.espncdn.com/i/headshots/womens-college-basketball/players/full/5315008.png,4,0,26,6.5,8,2,12.31,6,1.5,9.23,1,0.25,1.54,5,1.25,7.69,0,0,0,1,0.25,1.54,0,0,0,2,0.5,3.08,0.43,0.5,0.57,NA,0,0.57,0.57,0.17,0,0.22,0.05,0.26,0.2,0.95,0.98,0,0.03,0.88,0.74,1,1,NA,0.79,0,0.22,0.48,0.45,0.15,0.94,0.17,0.04,0.13,0.31,0.74,0.42,0.25,0.51,0.47,0.48,0.55,0.57,0.52,0.64,0.52,0.48,0.42,0.6,0.57
2026,5315009,Anisa Jeffries,Grand Canyon,F,Forward,https://a.espncdn.com/i/headshots/womens-college-basketball/players/full/5315009.png,28,27,732,26.14,233,8.32,12.73,154,5.5,8.42,48,1.71,2.62,106,3.79,5.79,44,1.57,2.4,48,1.71,2.62,10,0.36,0.55,72,2.57,3.93,0.46,0.22,0.25,0.88,0.2,0.48,0.52,0.2,0.13,0.24,0.08,0.19,0.45,0.62,0.61,0.91,0.91,0.9,0.44,0.47,0.21,1,0.8,0.26,0.2,0.5,0.47,0.09,0.71,0.19,0.09,0.2,0.28,0.69,0.18,0.28,0.51,0.42,0.45,0.54,0.64,0.51,0.6,0.53,0.48,0.38,0.55,0.53
2026,5315010,Diamond Wright,Grand Canyon,G,Guard,https://a.espncdn.com/i/headshots/womens-college-basketball/players/full/5315010.png,26,3,238,9.15,78,3,13.11,20,0.77,3.36,6,0.23,1.01,14,0.54,2.35,15,0.58,2.52,4,0.15,0.67,3,0.12,0.5,21,0.81,3.53,0.35,0.33,0.39,0.87,0.7,0.42,0.55,0.19,0.13,0.23,0.03,0.08,0.33,0.85,0.31,0.39,0.02,0.89,0.53,0.13,0.63,0.99,0.5,1,0.22,0.48,0.45,0.15,0.94,0.17,0.04,0.13,0.31,0.74,0.42,0.25,0.51,0.47,0.48,0.55,0.57,0.52,0.64,0.52,0.48,0.42,0.6,0.57
2026,5315011,Sifa Joyeuse,Grand Canyon,G,Guard,https://a.espncdn.com/i/headshots/womens-college-basketball/players/full/5315011.png,25,1,270,10.8,76,3.04,11.26,49,1.96,7.26,12,0.48,1.78,37,1.48,5.48,13,0.52,1.93,17,0.68,2.52,2,0.08,0.3,24,0.96,3.56,0.33,0.27,0.59,0.63,0.6,0.41,0.48,0.19,0.1,0.23,0.06,0.18,0.32,0.44,0.26,0.2,0.34,0.89,0.8,0.85,0.28,0.13,0.82,0.99,0.22,0.48,0.45,0.15,0.94,0.17,0.04,0.13,0.31,0.74,0.42,0.25,0.51,0.47,0.48,0.55,0.57,0.52,0.64,0.52,0.48,0.42,0.6,0.57
2026,5315013,Norah Moo,Grand Canyon,F,Forward,https://a.espncdn.com/i/headshots/womens-college-basketball/players/full/5315013.png,31,4,419,13.52,116,3.74,11.07,118,3.81,11.26,54,1.74,5.16,64,2.06,6.11,11,0.35,1.05,12,0.39,1.15,8,0.26,0.76,27,0.87,2.58,0.53,NA,0,0.67,0.33,0.53,0.56,0.15,0.06,0.21,0.16,0.2,0.17,0.76,0.86,0.31,0.31,0.61,0.94,0.52,NA,0.33,0.08,0.66,0.2,0.5,0.47,0.09,0.71,0.19,0.09,0.2,0.28,0.69,0.18,0.28,0.51,0.42,0.45,0.54,0.64,0.51,0.6,0.53,0.48,0.38,0.55,0.53
2026,5315014,Ines Zounia,Grand Canyon,G,Guard,https://a.espncdn.com/i/headshots/womens-college-basketball/players/full/5315014.png,30,21,592,19.73,206,6.87,13.92,82,2.73,5.54,40,1.33,2.7,42,1.4,2.84,39,1.3,2.64,22,0.73,1.49,7,0.23,0.47,56,1.87,3.78,0.41,0.31,0.37,0.56,0.12,0.46,0.47,0.23,0.15,0.2,0.08,0.09,0.62,0.4,0.65,0.54,0.41,0.76,0.94,0.23,0.49,0.07,0.44,0.12,0.22,0.48,0.45,0.15,0.94,0.17,0.04,0.13,0.31,0.74,0.42,0.25,0.51,0.47,0.48,0.55,0.57,0.52,0.64,0.52,0.48,0.42,0.6,0.57
2026,5315113,Gabby Ramos,Nevada,G,Guard,https://a.espncdn.com/i/headshots/womens-college-basketball/players/full/5315113.png,20,1,315,15.75,96,4.8,12.19,26,1.3,3.3,5,0.25,0.63,21,1.05,2.67,15,0.75,1.9,10,0.5,1.27,4,0.2,0.51,18,0.9,2.29,0.35,0.28,0.47,0.46,0.28,0.42,0.43,0.21,0.11,0.14,0.02,0.09,0.47,0.15,0.35,0.28,0.17,0.26,0.37,0.21,0.3,0.02,0.69,0.64,0.22,0.48,0.45,0.15,0.94,0.17,0.04,0.13,0.31,0.74,0.42,0.25,0.51,0.47,0.48,0.55,0.57,0.52,0.64,0.52,0.48,0.42,0.6,0.57
2026,5315115,Britain Backus,Nevada,G,Guard,https://a.espncdn.com/i/headshots/womens-college-basketball/players/full/5315115.png,31,0,455,14.68,93,3,8.18,39,1.26,3.43,11,0.35,0.97,28,0.9,2.46,10,0.32,0.88,31,1,2.73,0,0,0,25,0.81,2.2,0.29,0.24,0.56,0.77,0.32,0.36,0.42,0.15,0.05,0.18,0.03,0.08,0.11,0.1,0.08,0.06,0.65,0.67,0.52,0.17,0.13,0.57,0.78,0.75,0.22,0.48,0.45,0.15,0.94,0.17,0.04,0.13,0.31,0.74,0.42,0.25,0.51,0.47,0.48,0.55,0.57,0.52,0.64,0.52,0.48,0.42,0.6,0.57
2026,5315116,Makayla Carter,Nevada,F,Forward,https://a.espncdn.com/i/headshots/womens-college-basketball/players/full/5315116.png,30,17,596,19.87,108,3.6,7.25,139,4.63,9.33,52,1.73,3.49,87,2.9,5.84,13,0.43,0.87,17,0.57,1.14,17,0.57,1.14,38,1.27,2.55,0.36,0.28,0.18,0.62,0.5,0.38,0.44,0.14,0.05,0.24,0.11,0.19,0.1,0.22,0.09,0.22,0.51,0.84,0.75,0.5,0.47,0.26,0.56,0.97,0.2,0.5,0.47,0.09,0.71,0.19,0.09,0.2,0.28,0.69,0.18,0.28,0.51,0.42,0.45,0.54,0.64,0.51,0.6,0.53,0.48,0.38,0.55,0.53
2026,5315117,Skylar Durley,Nevada,G,Guard,https://a.espncdn.com/i/headshots/womens-college-basketball/players/full/5315117.png,31,31,996,32.13,367,11.84,14.74,186,6,7.47,38,1.23,1.53,148,4.77,5.94,71,2.29,2.85,28,0.9,1.12,7,0.23,0.28,110,3.55,4.42,0.4,0.1,0.08,0.7,0.28,0.41,0.45,0.27,0.18,0.21,0.05,0.19,0.84,0.28,0.22,0.66,0.53,0.82,0.78,0.96,0.02,0.31,0.03,0.61,0.22,0.48,0.45,0.15,0.94,0.17,0.04,0.13,0.31,0.74,0.42,0.25,0.51,0.47,0.48,0.55,0.57,0.52,0.64,0.52,0.48,0.42,0.6,0.57
2026,5315174,Kendall Mosley,San Diego St,G,Guard,https://a.espncdn.com/i/headshots/womens-college-basketball/players/full/5315174.png,18,0,140,7.78,40,2.22,11.43,16,0.89,4.57,2,0.11,0.57,14,0.78,4,10,0.56,2.86,4,0.22,1.14,0,0,0,5,0.28,1.43,0.45,0.5,0.61,0,0.06,0.61,0.59,0.15,0.13,0.13,0.02,0.12,0.07,0.98,1,0.41,0.03,0.22,0.34,0.45,1,0,0.84,0.02,0.22,0.48,0.45,0.15,0.94,0.17,0.04,0.13,0.31,0.74,0.42,0.25,0.51,0.47,0.48,0.55,0.57,0.52,0.64,0.52,0.48,0.42,0.6,0.57
2026,5315175,Aubrey Cook,San Diego St,C,Center,https://a.espncdn.com/i/headshots/womens-college-basketball/players/full/5315175.png,5,0,10,2,1,0.2,4,3,0.6,12,0,0,0,3,0.6,12,0,0,0,0,0,0,0,0,0,0,0,0,NA,NA,NA,0.5,NA,NA,0.57,0.05,0,0,0,0.37,0,0.9,NA,0.02,0.02,0,0.02,1,NA,0.04,NA,NA,0.24,0.49,0.44,0.08,0.15,0.18,0.09,0.19,0.27,0.75,0.16,0.27,0.31,0.55,0.57,0.77,0.78,0.57,0.73,0.53,0.17,0.9,0.65,0.63
2026,5315186,Harisa Mehmedovic,San José St,F,Forward,https://a.espncdn.com/i/headshots/womens-college-basketball/players/full/5315186.png,16,0,131,8.19,30,1.88,9.16,13,0.81,3.97,0,0,0,13,0.81,3.97,2,0.12,0.61,2,0.12,0.61,6,0.38,1.83,15,0.94,4.58,0.34,0.17,0.16,0.75,0.11,0.36,0.38,0.21,0.04,0.27,0,0.11,0.51,0.04,0.05,0.12,0.02,0.96,0.01,0.07,0.11,0.79,0.54,0.03,0.2,0.5,0.47,0.09,0.71,0.19,0.09,0.2,0.28,0.69,0.18,0.28,0.51,0.42,0.45,0.54,0.64,0.51,0.6,0.53,0.48,0.38,0.55,0.53
2026,5315187,Carla Fuster,San José St,G,Guard,https://a.espncdn.com/i/headshots/womens-college-basketball/players/full/5315187.png,31,7,503,16.23,112,3.61,8.91,33,1.06,2.62,8,0.26,0.64,25,0.81,1.99,24,0.77,1.91,10,0.32,0.8,2,0.06,0.16,31,1,2.47,0.32,0.28,0.57,0.79,0.16,0.4,0.44,0.16,0.12,0.19,0.02,0.05,0.12,0.21,0.18,0.32,0.07,0.73,0.33,0.04,0.32,0.68,0.79,0.25,0.22,0.48,0.45,0.15,0.94,0.17,0.04,0.13,0.31,0.74,0.42,0.25,0.51,0.47,0.48,0.55,0.57,0.52,0.64,0.52,0.48,0.42,0.6,0.57
2026,5315188,Briannah McGee,San José St,G,Guard,https://a.espncdn.com/i/headshots/womens-college-basketball/players/full/5315188.png,1,0,2,2,0,0,0,0,0,0,0,0,0,0,0,0,0,0,0,0,0,0,0,0,0,0,0,0,NA,NA,NA,NA,NA,NA,NA,0,0,NA,0,0,0,NA,NA,0,0,NA,0.01,0,NA,NA,NA,NA,0.22,0.48,0.45,0.15,0.94,0.17,0.04,0.13,0.31,0.74,0.42,0.25,0.51,0.47,0.48,0.55,0.57,0.52,0.64,0.52,0.48,0.42,0.6,0.57
2026,5315189,Gabriela Pato,San José St,F,Forward,https://a.espncdn.com/i/headshots/womens-college-basketball/players/full/5315189.png,32,11,485,15.16,138,4.31,11.38,107,3.34,8.82,36,1.12,2.97,71,2.22,5.86,9,0.28,0.74,9,0.28,0.74,40,1.25,3.3,16,0.5,1.32,0.37,0.38,0.29,0.79,0.5,0.42,0.5,0.16,0.05,0.1,0.09,0.16,0.19,0.44,0.22,0.24,0.19,0.06,0.51,0.24,0.93,0.87,0.83,0.99,0.2,0.5,0.47,0.09,0.71,0.19,0.09,0.2,0.28,0.69,0.18,0.28,0.51,0.42,0.45,0.54,0.64,0.51,0.6,0.53,0.48,0.38,0.55,0.53
2026,5315197,Hodaya Kabada,UNLV,G,Guard,https://a.espncdn.com/i/headshots/womens-college-basketball/players/full/5315197.png,10,0,26,2.6,10,1,15.38,3,0.3,4.62,0,0,0,3,0.3,4.62,1,0.1,1.54,0,0,0,1,0.1,1.54,3,0.3,4.62,0.4,0.4,0.5,NA,0,0.5,0.5,0.26,0.08,0.23,0,0.13,0.79,0.61,0.82,0.13,0,0.89,0.01,0.59,0.94,NA,0.72,0,0.22,0.48,0.45,0.15,0.94,0.17,0.04,0.13,0.31,0.74,0.42,0.25,0.51,0.47,0.48,0.55,0.57,0.52,0.64,0.52,0.48,0.42,0.6,0.57
2026,5315198,Alexis Swillis,UNLV,C,Center,https://a.espncdn.com/i/headshots/womens-college-basketball/players/full/5315198.png,9,0,30,3.33,10,1.11,13.33,10,1.11,13.33,4,0.44,5.33,6,0.67,8,0,0,0,0,0,0,2,0.22,2.67,0,0,0,0.5,NA,0,0.75,2,0.5,0.66,0.13,0,0,0.17,0.23,0.09,1,0.93,0.08,0.07,0.03,1,0.65,NA,0.88,0.48,1,0.24,0.49,0.44,0.08,0.15,0.18,0.09,0.19,0.27,0.75,0.16,0.27,0.31,0.55,0.57,0.77,0.78,0.57,0.73,0.53,0.17,0.9,0.65,0.63
2026,5315199,Ongolea Afu,UNLV,F,Forward,https://a.espncdn.com/i/headshots/womens-college-basketball/players/full/5315199.png,10,0,36,3.6,2,0.2,2.22,9,0.9,10,6,0.6,6.67,3,0.3,3.33,2,0.2,2.22,1,0.1,1.11,0,0,0,5,0.5,5.56,0.17,0,0.17,0,0.33,0.17,0.15,0.17,0.09,0.42,0.21,0.1,0.26,0,0,0.53,0.01,1,0.99,0.01,0.04,0,0.54,0.66,0.2,0.5,0.47,0.09,0.71,0.19,0.09,0.2,0.28,0.69,0.18,0.28,0.51,0.42,0.45,0.54,0.64,0.51,0.6,0.53,0.48,0.38,0.55,0.53
2026,5315200,Trystan James,UNLV,F,Forward,https://a.espncdn.com/i/headshots/womens-college-basketball/players/full/5315200.png,26,1,258,9.92,62,2.38,9.61,61,2.35,9.46,25,0.96,3.88,36,1.38,5.58,9,0.35,1.4,7,0.27,1.09,1,0.04,0.16,17,0.65,2.64,0.4,0.25,0.28,0.48,0.44,0.44,0.46,0.17,0.07,0.2,0.12,0.16,0.26,0.23,0.34,0.35,0.16,0.58,0.85,0.27,0.28,0.07,0.81,0.9,0.2,0.5,0.47,0.09,0.71,0.19,0.09,0.2,0.28,0.69,0.18,0.28,0.51,0.42,0.45,0.54,0.64,0.51,0.6,0.53,0.48,0.38,0.55,0.53
2026,5315286,Aitana Rosello Lopez,Utah State,G,Guard,https://a.espncdn.com/i/headshots/womens-college-basketball/players/full/5315286.png,30,10,572,19.07,106,3.53,7.41,31,1.03,2.17,12,0.4,0.84,19,0.63,1.33,27,0.9,1.89,15,0.5,1.05,7,0.23,0.49,38,1.27,2.66,0.34,0.09,0.24,0.68,0.17,0.35,0.38,0.16,0.1,0.21,0.03,0.04,0.16,0.07,0.06,0.25,0.18,0.8,0.47,0.01,0.01,0.26,0.13,0.32,0.22,0.48,0.45,0.15,0.94,0.17,0.04,0.13,0.31,0.74,0.42,0.25,0.51,0.47,0.48,0.55,0.57,0.52,0.64,0.52,0.48,0.42,0.6,0.57
2026,5315287,Paloma Munoz Herreros,Utah State,G,Guard,https://a.espncdn.com/i/headshots/womens-college-basketball/players/full/5315287.png,30,2,298,9.93,81,2.7,10.87,29,0.97,3.89,4,0.13,0.54,25,0.83,3.36,3,0.1,0.4,8,0.27,1.07,1,0.03,0.13,18,0.6,2.42,0.35,0.3,0.54,0.67,0.22,0.43,0.46,0.18,0.02,0.17,0.02,0.1,0.32,0.33,0.41,0.01,0.04,0.47,0.27,0.34,0.4,0.24,0.75,0.44,0.22,0.48,0.45,0.15,0.94,0.17,0.04,0.13,0.31,0.74,0.42,0.25,0.51,0.47,0.48,0.55,0.57,0.52,0.64,0.52,0.48,0.42,0.6,0.57
2026,5315288,Bella Cosme,Utah State,G,Guard,https://a.espncdn.com/i/headshots/womens-college-basketball/players/full/5315288.png,24,0,266,11.08,39,1.62,5.86,22,0.92,3.31,0,0,0,22,0.92,3.31,23,0.96,3.46,6,0.25,0.9,0,0,0,15,0.62,2.26,0.24,0.25,0.76,NA,0,0.34,0.34,0.14,0.18,0.21,0,0.1,0.05,0.02,0.03,0.66,0.04,0.78,0.01,0.31,0.17,NA,0.96,0,0.22,0.48,0.45,0.15,0.94,0.17,0.04,0.13,0.31,0.74,0.42,0.25,0.51,0.47,0.48,0.55,0.57,0.52,0.64,0.52,0.48,0.42,0.6,0.57
2026,5315289,Andjela Marojevic,Utah State,F,Forward,https://a.espncdn.com/i/headshots/womens-college-basketball/players/full/5315289.png,17,0,116,6.82,45,2.65,15.52,20,1.18,6.9,7,0.41,2.41,13,0.76,4.48,4,0.24,1.38,5,0.29,1.72,0,0,0,8,0.47,2.76,0.45,0.25,0.29,1,0.1,0.49,0.51,0.23,0.09,0.15,0.07,0.14,0.68,0.53,0.63,0.54,0.2,0.37,0.31,0.17,0.29,1,0.84,0.02,0.2,0.5,0.47,0.09,0.71,0.19,0.09,0.2,0.28,0.69,0.18,0.28,0.51,0.42,0.45,0.54,0.64,0.51,0.6,0.53,0.48,0.38,0.55,0.53
2026,5315291,Macie Brown,Utah State,F,Forward,https://a.espncdn.com/i/headshots/womens-college-basketball/players/full/5315291.png,28,6,411,14.68,56,2,5.45,81,2.89,7.88,20,0.71,1.95,61,2.18,5.94,16,0.57,1.56,18,0.64,1.75,2,0.07,0.19,16,0.57,1.56,0.35,0.08,0.33,0.31,0.18,0.36,0.36,0.12,0.08,0.17,0.06,0.18,0.04,0.03,0.07,0.52,0.61,0.43,0.17,0.37,0.08,0.02,0.87,0.2,0.2,0.5,0.47,0.09,0.71,0.19,0.09,0.2,0.28,0.69,0.18,0.28,0.51,0.42,0.45,0.54,0.64,0.51,0.6,0.53,0.48,0.38,0.55,0.53
2026,5315301,Liv Blomkvist,Wyoming,F,Forward,https://a.espncdn.com/i/headshots/womens-college-basketball/players/full/5315301.png,7,0,49,7,9,1.29,7.35,6,0.86,4.9,1,0.14,0.82,5,0.71,4.08,1,0.14,0.82,2,0.29,1.63,5,0.71,4.08,2,0.29,1.63,0.57,0,0.14,0.5,0.29,0.57,0.57,0.11,0.05,0.2,0.03,0.13,0.01,0.87,0.95,0.22,0.19,0.58,0.05,0.07,0.04,0.08,0.52,0.52,0.2,0.5,0.47,0.09,0.71,0.19,0.09,0.2,0.28,0.69,0.18,0.28,0.51,0.42,0.45,0.54,0.64,0.51,0.6,0.53,0.48,0.38,0.55,0.53
2026,5315302,Katie Harrington,Wyoming,G,Guard,https://a.espncdn.com/i/headshots/womens-college-basketball/players/full/5315302.png,10,0,49,4.9,2,0.2,1.63,3,0.3,2.45,0,0,0,3,0.3,2.45,2,0.2,1.63,0,0,0,0,0,0,3,0.3,2.45,0.5,0,0.5,NA,0,0.5,0.5,0.06,0.08,0.6,0,0.08,0,0.61,0.82,0.1,0,1,0.01,0.13,0,NA,0.72,0.01,0.22,0.48,0.45,0.15,0.94,0.17,0.04,0.13,0.31,0.74,0.42,0.25,0.51,0.47,0.48,0.55,0.57,0.52,0.64,0.52,0.48,0.42,0.6,0.57
2026,5315303,Jane Rumpf,Wyoming,F,Forward,https://a.espncdn.com/i/headshots/womens-college-basketball/players/full/5315303.png,30,18,687,22.9,221,7.37,12.87,137,4.57,7.98,5,0.17,0.29,132,4.4,7.69,31,1.03,1.8,18,0.6,1.05,38,1.27,2.21,56,1.87,3.26,0.34,0.33,0.76,0.73,0.14,0.47,0.49,0.23,0.11,0.2,0.01,0.24,0.71,0.37,0.44,0.65,0.55,0.57,0.04,0.8,0.71,0.62,0.99,0.12,0.2,0.5,0.47,0.09,0.71,0.19,0.09,0.2,0.28,0.69,0.18,0.28,0.51,0.42,0.45,0.54,0.64,0.51,0.6,0.53,0.48,0.38,0.55,0.53
2026,5315304,Peyton Wohlford,Wyoming,F,Forward,https://a.espncdn.com/i/headshots/womens-college-basketball/players/full/5315304.png,16,0,140,8.75,22,1.38,6.29,16,1,4.57,1,0.06,0.29,15,0.94,4.29,7,0.44,2,2,0.12,0.57,1,0.06,0.29,9,0.56,2.57,0.23,0.2,0.86,NA,0,0.31,0.31,0.18,0.11,0.2,0.01,0.13,0.29,0.02,0.02,0.58,0.03,0.59,0.01,0.15,0.17,NA,1,0.01,0.2,0.5,0.47,0.09,0.71,0.19,0.09,0.2,0.28,0.69,0.18,0.28,0.51,0.42,0.45,0.54,0.64,0.51,0.6,0.53,0.48,0.38,0.55,0.53
2026,5325160,Katarina Anderson,San José St,G,Guard,https://a.espncdn.com/i/headshots/womens-college-basketball/players/full/5325160.png,25,8,577,23.08,138,5.52,9.57,57,2.28,3.95,13,0.52,0.9,44,1.76,3.05,61,2.44,4.23,24,0.96,1.66,7,0.28,0.49,65,2.6,4.51,0.35,0.26,0.22,0.63,0.36,0.38,0.42,0.19,0.27,0.29,0.03,0.08,0.4,0.11,0.13,0.98,0.57,0.98,0.48,0.18,0.19,0.12,0.1,0.82,0.22,0.48,0.45,0.15,0.94,0.17,0.04,0.13,0.31,0.74,0.42,0.25,0.51,0.47,0.48,0.55,0.57,0.52,0.64,0.52,0.48,0.42,0.6,0.57
