season,athlete_id,player,team,position,games_played,games_started,minutes_total,mpg,pts_total,ppg,pts_per_40,fgm_total,fga_total,fg_pct,fg3m_total,fg3a_total,fg3_pct,threepar,ftm_total,fta_total,ft_pct,fta_rate,reb_total,rpg,reb_per_40,oreb_total,oreb_pg,oreb_per_40,dreb_total,dreb_pg,dreb_per_40,ast_total,apg,ast_per_40,stl_total,spg,stl_per_40,blk_total,bpg,blk_per_40,tov_total,tovpg,tov_per_40,efg_pct,ts_pct,usage,ast_pct,tov_pct,oreb_pct,dreb_pct,usage_pctile_pos,ts_pctile_pos,efg_pctile_pos,ast_pctile_pos,tov_pctile_pos,oreb_pctile_pos,dreb_pctile_pos,fg3_pctile_pos,ft_pctile_pos,threepar_pctile_pos,fta_rate_pctile_pos
2026,9347720,Rylee VanDresar,Cornell College,F,17,5,83.667,4.922,13,0.765,6.215,5,17,0.294,1,9,0.111,0.529,2,2,1,0.118,20,1.176,9.562,4,0.235,1.912,16,0.941,7.649,1,0.059,0.478,1,0.059,0.478,0,0,0,6,0.353,2.869,0.324,0.364,0.145,0.027,0.251,0.063,0.227,0.073,0.045,0.03,0.008,0.891,0.248,0.777,0.078,0.998,0.942,0.02
2026,9347721,Heidi Jorgensen,Cornell College,G,25,25,723.95,28.958,238,9.52,13.15,75,243,0.309,49,186,0.263,0.765,39,50,0.78,0.206,88,3.52,4.862,5,0.2,0.276,83,3.32,4.586,30,1.2,1.658,29,1.16,1.602,4,0.16,0.221,46,1.84,2.542,0.409,0.449,0.218,0.102,0.148,0.009,0.136,0.624,0.399,0.369,0.294,0.102,0.061,0.742,0.398,0.773,0.991,0.26
2026,9347722,Gracie Park,Cornell College,G,3,0,5.217,1.739,3,1,23.003,1,1,1,1,1,1,1,0,0,NA,0,1,0.333,7.668,0,0,0,1,0.333,7.668,0,0,0,0,0,0,0,0,0,1,0.333,7.668,1.5,1.5,0.194,0,0.5,0,0.227,0.446,1,1,0,0.988,0,0.991,1,NA,0.999,0
2026,9347723,Bradie Buffington,Cornell College,F,13,0,47.15,3.627,11,0.846,9.332,5,16,0.312,0,2,0,0.125,1,3,0.333,0.188,17,1.308,14.422,2,0.154,1.697,15,1.154,12.725,0,0,0,0,0,0,1,0.077,0.848,5,0.385,4.242,0.312,0.318,0.24,0,0.224,0.056,0.377,0.582,0.025,0.027,0.003,0.775,0.194,1,0.002,0.002,0.521,0.128
2026,9347724,Kiley Edris,Cornell College,G,25,15,374.85,14.994,35,1.4,3.735,11,34,0.324,2,16,0.125,0.471,11,18,0.611,0.529,36,1.44,3.842,2,0.08,0.213,34,1.36,3.628,31,1.24,3.308,27,1.08,2.881,2,0.08,0.213,27,1.08,2.881,0.353,0.417,0.093,0.173,0.392,0.007,0.107,0.012,0.282,0.178,0.676,0.982,0.02,0.436,0.025,0.194,0.638,0.93
2026,9347727,Mya Janssen,Cornell College,F,19,0,87.95,4.629,10,0.526,4.548,3,9,0.333,0,0,NA,0,4,6,0.667,0.667,30,1.579,13.644,11,0.579,5.003,19,1,8.641,5,0.263,2.274,2,0.105,0.91,1,0.053,0.455,7,0.368,3.184,0.333,0.43,0.107,0.12,0.376,0.166,0.256,0.017,0.239,0.032,0.598,0.986,0.969,0.917,NA,0.347,0.002,0.999
2026,9347728,Maya Hodge,Cornell College,G,21,0,142.683,6.794,27,1.286,7.569,9,27,0.333,1,9,0.111,0.333,8,11,0.727,0.407,28,1.333,7.85,10,0.476,2.803,18,0.857,5.046,17,0.81,4.766,5,0.238,1.402,1,0.048,0.28,11,0.524,3.084,0.352,0.424,0.152,0.267,0.257,0.093,0.149,0.107,0.304,0.174,0.939,0.74,0.929,0.84,0.021,0.65,0.444,0.781
2026,9347729,Erin Knowles,Cornell College,F,25,25,785.467,31.419,490,19.6,24.953,171,373,0.458,19,74,0.257,0.198,129,179,0.721,0.48,172,6.88,8.759,52,2.08,2.648,120,4.8,6.111,43,1.72,2.19,40,1.6,2.037,29,1.16,1.477,87,3.48,4.43,0.484,0.542,0.348,0.188,0.161,0.088,0.181,1,0.825,0.765,0.962,0.385,0.606,0.525,0.428,0.605,0.655,0.907
2026,9347730,Hailey Testolin,Cornell College,G,22,0,202.233,9.192,38,1.727,7.516,14,60,0.233,7,39,0.179,0.65,3,6,0.5,0.1,18,0.818,3.56,5,0.227,0.989,13,0.591,2.571,6,0.273,1.187,7,0.318,1.385,2,0.091,0.396,11,0.5,2.176,0.292,0.303,0.185,0.068,0.149,0.033,0.076,0.313,0.031,0.061,0.083,0.118,0.45,0.112,0.125,0.076,0.865,0.08
2026,9347732,Penley Park,Cornell College,F,25,10,243.883,9.755,8,0.32,1.312,3,15,0.2,0,1,0,0.067,2,6,0.333,0.4,38,1.52,6.232,17,0.68,2.788,21,0.84,3.444,7,0.28,1.148,9,0.36,1.476,9,0.36,1.476,14,0.56,2.296,0.2,0.227,0.066,0.058,0.442,0.092,0.102,0.004,0.005,0.005,0.132,0.99,0.619,0.02,0.004,0.005,0.388,0.649
2026,9349421,Hailey Johnson,Beloit,F,25,24,786.083,31.443,338,13.52,17.199,113,281,0.402,17,65,0.262,0.231,95,121,0.785,0.431,179,7.16,9.108,51,2.04,2.595,128,5.12,6.513,34,1.36,1.73,31,1.24,1.577,39,1.56,1.985,78,3.12,3.969,0.432,0.506,0.252,0.146,0.189,0.076,0.179,0.672,0.596,0.449,0.84,0.605,0.431,0.478,0.588,0.936,0.792,0.77
2026,9349422,Kyana Aguilera,Beloit,G,11,0,61.683,5.608,20,1.818,12.969,6,11,0.545,3,5,0.6,0.455,5,11,0.455,1,7,0.636,4.539,2,0.182,1.297,5,0.455,3.242,3,0.273,1.945,3,0.273,1.945,0,0,0,6,0.545,3.891,0.682,0.631,0.17,0.142,0.275,0.038,0.089,0.165,0.993,0.999,0.487,0.798,0.497,0.197,0.998,0.063,0.625,0.999
2026,9349423,Aina Mallorqui,Beloit,G,25,12,598.75,23.95,139,5.56,9.286,44,127,0.346,11,46,0.239,0.362,40,59,0.678,0.465,76,3.04,5.077,13,0.52,0.868,63,2.52,4.209,39,1.56,2.605,17,0.68,1.136,1,0.04,0.067,84,3.36,5.612,0.39,0.454,0.19,0.177,0.354,0.026,0.116,0.434,0.414,0.326,0.694,0.946,0.309,0.555,0.253,0.363,0.474,0.862
2026,9349424,Kaelie Moreno,Beloit,G,7,4,163.083,23.298,43,6.143,10.547,12,40,0.3,7,22,0.318,0.55,12,22,0.545,0.55,24,3.429,5.887,4,0.571,0.981,20,2.857,4.905,3,0.429,0.736,5,0.714,1.226,1,0.143,0.245,25,3.571,6.132,0.388,0.433,0.22,0.05,0.335,0.029,0.135,0.633,0.358,0.312,0.041,0.921,0.373,0.719,0.667,0.098,0.746,0.984
2026,9349425,Kaitlin Davis,Beloit,G,25,20,682.783,27.311,155,6.2,9.08,45,176,0.256,12,72,0.167,0.409,53,73,0.726,0.415,165,6.6,9.666,27,1.08,1.582,138,5.52,8.085,46,1.84,2.695,47,1.88,2.753,15,0.6,0.879,86,3.44,5.038,0.29,0.372,0.207,0.18,0.292,0.046,0.222,0.573,0.099,0.055,0.739,0.853,0.644,0.991,0.06,0.646,0.548,0.8
2026,9349426,Madalyn Kavalary,Beloit,F,18,0,81.683,4.538,2,0.111,0.979,0,5,0,0,2,0,0.4,2,4,0.5,0.8,5,0.278,2.448,2,0.111,0.979,3,0.167,1.469,3,0.167,1.469,0,0,0,2,0.111,0.979,10,0.556,4.897,0,0.148,0.098,0.083,0.597,0.029,0.04,0.009,0.002,0.001,0.265,1,0.121,0.005,0.006,0.113,0.939,1
2026,9349427,Bailey Darneal,Beloit,G,25,25,657.5,26.3,170,6.8,10.342,59,209,0.282,21,86,0.244,0.411,31,44,0.705,0.211,93,3.72,5.658,15,0.6,0.913,78,3.12,4.745,21,0.84,1.278,25,1,1.521,0,0,0,74,2.96,4.502,0.333,0.372,0.221,0.091,0.245,0.027,0.13,0.656,0.079,0.108,0.165,0.709,0.345,0.673,0.309,0.527,0.573,0.307
2026,9349428,Kylie Wolff,Beloit,G,16,0,75.033,4.69,9,0.562,4.798,3,16,0.188,0,2,0,0.125,3,3,1,0.188,10,0.625,5.331,5,0.312,2.665,5,0.312,2.665,3,0.188,1.599,4,0.25,2.132,0,0,0,7,0.438,3.732,0.188,0.26,0.156,0.1,0.288,0.078,0.073,0.12,0.009,0.007,0.242,0.805,0.885,0.105,0.001,0.997,0.075,0.214
2026,9349429,Julia Kennedy,Beloit,G,25,24,753.883,30.155,203,8.12,10.771,64,200,0.32,40,130,0.308,0.65,35,46,0.761,0.23,49,1.96,2.6,6,0.24,0.318,43,1.72,2.282,27,1.08,1.433,40,1.6,2.122,2,0.08,0.106,91,3.64,4.828,0.42,0.461,0.198,0.101,0.292,0.009,0.063,0.475,0.465,0.466,0.261,0.83,0.085,0.059,0.599,0.72,0.887,0.39
2026,9349987,Kiersten Cox,Monmouth (IL),F,18,1,321.167,17.843,118,6.556,14.696,53,126,0.421,2,6,0.333,0.048,10,15,0.667,0.119,85,4.722,10.586,38,2.111,4.733,47,2.611,5.854,5,0.278,0.623,14,0.778,1.744,3,0.167,0.374,14,0.778,1.744,0.429,0.445,0.21,0.044,0.095,0.121,0.169,0.476,0.306,0.394,0.054,0.02,0.752,0.284,0.809,0.355,0.385,0.045
2026,9349988,Allie Hoy,Monmouth (IL),G,25,18,575.433,23.017,110,4.4,7.646,34,118,0.288,12,49,0.245,0.415,30,39,0.769,0.331,54,2.16,3.754,13,0.52,0.904,41,1.64,2.85,42,1.68,2.92,33,1.32,2.294,5,0.2,0.348,50,2,3.476,0.339,0.407,0.148,0.16,0.27,0.023,0.082,0.094,0.24,0.127,0.606,0.796,0.271,0.134,0.322,0.751,0.586,0.672
2026,9349992,Ella Goodrich,Monmouth (IL),F,10,10,264.25,26.425,117,11.7,17.711,40,101,0.396,4,16,0.25,0.158,33,55,0.6,0.545,75,7.5,11.353,22,2.2,3.33,53,5.3,8.023,10,1,1.514,23,2.3,3.482,4,0.4,0.605,27,2.7,4.087,0.416,0.467,0.266,0.104,0.177,0.085,0.231,0.776,0.332,0.288,0.415,0.492,0.538,0.841,0.333,0.247,0.541,0.933
2026,9349993,Averi Rangel,Monmouth (IL),G,25,25,579.05,23.162,155,6.2,10.707,55,179,0.307,38,125,0.304,0.698,7,9,0.778,0.05,40,1.6,2.763,5,0.2,0.345,35,1.4,2.418,24,0.96,1.658,20,0.8,1.382,0,0,0,51,2.04,3.523,0.413,0.424,0.186,0.099,0.218,0.009,0.07,0.356,0.3,0.388,0.205,0.493,0.041,0.098,0.562,0.754,0.947,0.029
2026,9349994,Kynlee Stearns,Monmouth (IL),G,25,25,781.267,31.251,297,11.88,15.206,100,298,0.336,20,90,0.222,0.302,77,113,0.681,0.379,113,4.52,5.785,13,0.52,0.666,100,4,5.12,54,2.16,2.765,35,1.4,1.792,1,0.04,0.051,72,2.88,3.686,0.369,0.427,0.248,0.178,0.172,0.017,0.148,0.838,0.337,0.29,0.722,0.242,0.173,0.835,0.214,0.45,0.402,0.761
2026,9349995,Ava Borchardt,Monmouth (IL),F,20,0,145.633,7.282,27,1.35,7.416,12,39,0.308,0,0,NA,0,3,8,0.375,0.205,24,1.2,6.592,11,0.55,3.021,13,0.65,3.571,2,0.1,0.549,7,0.35,1.923,1,0.05,0.275,9,0.45,2.472,0.308,0.317,0.163,0.032,0.175,0.077,0.103,0.18,0.023,0.024,0.031,0.471,0.441,0.029,NA,0.037,0.009,0.163
2026,9349996,Madison Finch,Monmouth (IL),G,1,0,2.467,2.467,0,0,0,0,2,0,0,1,0,0.5,0,0,NA,0,1,1,16.216,0,0,0,1,1,16.216,0,0,0,0,0,0,0,0,0,0,0,0,0,0,0.374,0,0,0,0.467,1,0,0,0,0,0,1,0.001,NA,0.651,0
2026,9349998,Brooklyn Sellers,Monmouth (IL),F,25,24,476.1,19.044,98,3.92,8.234,38,105,0.362,0,3,0,0.029,22,34,0.647,0.324,144,5.76,12.098,39,1.56,3.277,105,4.2,8.822,19,0.76,1.596,10,0.4,0.84,10,0.4,0.84,33,1.32,2.773,0.362,0.408,0.148,0.092,0.216,0.084,0.254,0.094,0.129,0.127,0.399,0.756,0.519,0.907,0.01,0.311,0.233,0.468
2026,9350297,Juniper Schwartzman,Grinnell,F,24,24,527.4,21.975,119,4.958,9.025,46,100,0.46,0,0,NA,0,27,47,0.574,0.47,193,8.042,14.638,76,3.167,5.764,117,4.875,8.874,19,0.792,1.441,10,0.417,0.758,3,0.125,0.228,22,0.917,1.669,0.46,0.493,0.136,0.09,0.154,0.174,0.27,0.065,0.508,0.568,0.37,0.278,1,0.948,NA,0.216,0.029,0.834
2026,9350298,Nora Lynch,Grinnell,NA,24,24,587.667,24.486,212,8.833,14.43,67,155,0.432,31,76,0.408,0.49,47,51,0.922,0.329,69,2.875,4.697,20,0.833,1.361,49,2.042,3.335,35,1.458,2.382,14,0.583,0.953,6,0.25,0.408,39,1.625,2.655,0.532,0.597,0.185,0.16,0.18,0.041,0.101,0.3,0.984,0.983,0.883,0.453,0.678,0.653,0.994,1,0.581,0.781
2026,9350299,Emily Roesler,Grinnell,NA,9,0,31.35,3.483,0,0,0,0,1,0,0,0,NA,0,0,0,NA,0,4,0.444,5.104,0,0,0,4,0.444,5.104,2,0.222,2.552,0,0,0,0,0,0,2,0.222,2.552,0,0,0.048,0.131,0.667,0,0.155,0.003,0.001,0.001,0.404,1,0.014,0.874,NA,NA,0.001,0.001
2026,9350300,Skylar Thomas,Grinnell,F,24,24,631.6,26.317,191,7.958,12.096,60,186,0.323,17,63,0.27,0.339,54,79,0.684,0.425,128,5.333,8.106,12,0.5,0.76,116,4.833,7.346,40,1.667,2.533,27,1.125,1.71,4,0.167,0.253,59,2.458,3.737,0.368,0.433,0.223,0.162,0.211,0.023,0.223,0.579,0.283,0.166,0.926,0.673,0.116,0.734,0.665,0.418,0.922,0.698
2026,9350301,Kelsey Ericksen,Grinnell,F,24,24,442.217,18.426,139,5.792,12.573,43,129,0.333,33,105,0.314,0.814,20,28,0.714,0.217,42,1.75,3.799,4,0.167,0.362,38,1.583,3.437,21,0.875,1.9,15,0.625,1.357,2,0.083,0.181,23,0.958,2.08,0.461,0.492,0.187,0.122,0.14,0.011,0.105,0.24,0.487,0.593,0.622,0.258,0.034,0.062,0.801,0.495,0.999,0.217
2026,9350302,Carolyn Pierce,Grinnell,G,24,0,393.417,16.392,99,4.125,10.066,32,110,0.291,21,74,0.284,0.673,14,23,0.609,0.209,30,1.25,3.05,8,0.333,0.813,22,0.917,2.237,24,1,2.44,8,0.333,0.813,3,0.125,0.305,21,0.875,2.135,0.386,0.412,0.18,0.15,0.149,0.025,0.068,0.296,0.274,0.305,0.526,0.113,0.291,0.08,0.487,0.187,0.922,0.272
2026,9350303,Bailey Strovers,Grinnell,C,13,0,199.083,15.314,69,5.308,13.864,21,78,0.269,7,46,0.152,0.59,20,31,0.645,0.397,69,5.308,13.864,17,1.308,3.416,52,4,10.448,5,0.385,1.005,11,0.846,2.21,4,0.308,0.804,27,2.077,5.425,0.314,0.376,0.299,0.066,0.228,0.103,0.318,0.988,0.843,0.842,0.774,0.833,0.838,1,0.807,0.685,1,0.992
2026,9350304,Reese Stephens,Grinnell,G,24,0,274.95,11.456,14,0.583,2.037,5,22,0.227,2,9,0.222,0.409,2,8,0.25,0.364,43,1.792,6.256,7,0.292,1.018,36,1.5,5.237,25,1.042,3.637,15,0.625,2.182,0,0,0,24,1,3.492,0.273,0.274,0.091,0.194,0.485,0.031,0.159,0.005,0.011,0.024,0.773,0.987,0.389,0.856,0.217,0.007,0.55,0.726
2026,9350305,Eleanor Cordes,Grinnell,G,10,1,57.85,5.785,11,1.1,7.606,3,14,0.214,0,7,0,0.5,5,6,0.833,0.429,1,0.1,0.691,0,0,0,1,0.1,0.691,5,0.5,3.457,1,0.1,0.691,0,0,0,5,0.5,3.457,0.214,0.331,0.188,0.199,0.231,0,0.021,0.395,0.039,0.01,0.775,0.593,0.002,0.003,0.003,0.888,0.653,0.802
2026,9350306,Cassidy Pak,Grinnell,NA,19,0,258.433,13.602,91,4.789,14.085,25,100,0.25,4,27,0.148,0.27,37,57,0.649,0.57,38,2,5.882,10,0.526,1.548,28,1.474,4.334,24,1.263,3.715,16,0.842,2.476,2,0.105,0.31,37,1.947,5.727,0.27,0.364,0.315,0.238,0.228,0.047,0.132,1,0.157,0.143,1,0.812,0.791,0.861,0.087,0.537,0.216,0.923
2026,9350307,Amelia Rigel,Grinnell,NA,22,0,218.3,9.923,77,3.5,14.109,26,82,0.317,13,43,0.302,0.524,12,26,0.462,0.317,37,1.682,6.78,14,0.636,2.565,23,1.045,4.214,7,0.318,1.283,6,0.273,1.099,0,0,0,24,1.091,4.398,0.396,0.412,0.27,0.087,0.204,0.078,0.128,0.838,0.273,0.26,0.373,0.651,1,0.748,0.22,0.131,0.697,0.416
2026,9350459,Jayln Patterson,Illinois Col.,F,25,25,626.3,25.052,363,14.52,23.184,141,313,0.45,17,66,0.258,0.211,64,91,0.703,0.291,173,6.92,11.049,71,2.84,4.535,102,4.08,6.514,34,1.36,2.171,30,1.2,1.916,36,1.44,2.299,51,2.04,3.257,0.478,0.514,0.282,0.128,0.126,0.128,0.178,0.866,0.656,0.679,0.696,0.128,0.839,0.428,0.509,0.47,0.717,0.376
2026,9350460,De'Jah Yankaway,Illinois Col.,F,25,0,228.9,9.156,68,2.72,11.883,26,76,0.342,0,3,0,0.039,16,45,0.356,0.592,69,2.76,12.058,28,1.12,4.893,41,1.64,7.165,13,0.52,2.272,17,0.68,2.971,9,0.36,1.573,39,1.56,6.815,0.342,0.355,0.258,0.106,0.289,0.139,0.196,0.755,0.042,0.073,0.51,0.96,0.854,0.576,0.013,0.032,0.361,0.966
2026,9350461,Raegen Stringer,Illinois Col.,G,23,23,621.65,27.028,138,6,8.88,59,145,0.407,5,19,0.263,0.131,15,28,0.536,0.193,68,2.957,4.375,19,0.826,1.223,49,2.13,3.153,104,4.522,6.692,38,1.652,2.445,4,0.174,0.257,46,2,2.96,0.424,0.439,0.143,0.302,0.226,0.035,0.086,0.063,0.373,0.503,0.975,0.584,0.47,0.175,0.345,0.09,0.107,0.23
2026,9350462,McKenna Christiansen,Illinois Col.,F,24,0,260.283,10.845,103,4.292,15.829,29,86,0.337,21,53,0.396,0.616,24,37,0.649,0.43,33,1.375,5.071,5,0.208,0.768,28,1.167,4.303,16,0.667,2.459,22,0.917,3.381,2,0.083,0.307,28,1.167,4.303,0.459,0.504,0.219,0.115,0.215,0.022,0.118,0.541,0.525,0.548,0.536,0.735,0.079,0.117,0.98,0.332,0.959,0.715
2026,9350463,Amya Mayes,Illinois Col.,F,11,1,41.933,3.812,10,0.909,9.539,4,12,0.333,1,3,0.333,0.25,1,2,0.5,0.167,8,0.727,7.631,0,0,0,8,0.727,7.631,4,0.364,3.816,2,0.182,1.908,0,0,0,3,0.273,2.862,0.375,0.388,0.166,0.173,0.189,0,0.209,0.182,0.052,0.168,0.93,0.548,0.003,0.658,0.812,0.114,0.795,0.088
2026,9350464,Alexis Van Dyke,Illinois Col.,G,6,0,20.017,3.336,3,0.5,5.995,1,5,0.2,1,5,0.2,1,0,0,NA,0,2,0.333,3.997,0,0,0,2,0.333,3.997,2,0.333,3.997,0,0,0,0,0,0,7,1.167,13.988,0.3,0.3,0.262,0.167,0.583,0,0.109,0.933,0.022,0.063,0.647,0.999,0.003,0.439,0.149,NA,0.999,0.001
2026,9350465,Shaili Betts,Illinois Col.,G,7,0,23.15,3.307,2,0.286,3.456,1,7,0.143,0,0,NA,0,0,0,NA,0,10,1.429,17.279,3,0.429,5.184,7,1,12.095,1,0.143,1.728,2,0.286,3.456,0,0,0,3,0.429,5.184,0.143,0.143,0.189,0.071,0.3,0.147,0.331,0.396,0.002,0.006,0.084,0.865,0.99,1,NA,NA,0.001,0.002
2026,9350466,Jaelyn Hill,Illinois Col.,G,3,0,10.75,3.583,0,0,0,0,1,0,0,1,0,1,0,0,NA,0,2,0.667,7.442,0,0,0,2,0.667,7.442,3,1,11.163,1,0.333,3.721,0,0,0,1,0.333,3.721,0,0,0.081,0.431,0.5,0,0.204,0.001,0,0,1,0.988,0.003,0.968,0.003,NA,0.999,0.002
2026,9350467,Bianca Adubato,Illinois Col.,G,3,0,10.633,3.544,2,0.667,7.524,0,4,0,0,4,0,1,2,2,1,0.5,3,1,11.285,1,0.333,3.762,2,0.667,7.524,0,0,0,1,0.333,3.762,0,0,0,0,0,0,0,0.205,0.201,0,0,0.107,0.206,0.476,0.003,0.001,0.001,0.001,0.951,0.969,0.004,0.997,1,0.883
2026,9350468,Kallie Oestreicher,Illinois Col.,G,25,25,636.1,25.444,285,11.4,17.922,101,264,0.383,53,140,0.379,0.53,30,40,0.75,0.152,63,2.52,3.962,8,0.32,0.503,55,2.2,3.459,49,1.96,3.081,39,1.56,2.452,4,0.16,0.252,59,2.36,3.71,0.483,0.506,0.234,0.157,0.173,0.014,0.095,0.775,0.682,0.721,0.588,0.268,0.122,0.246,0.952,0.691,0.723,0.164
2026,9350469,Courtney Stoub,Illinois Col.,F,1,0,1.6,1.6,0,0,0,0,0,NA,0,0,NA,NA,0,0,NA,NA,0,0,0,0,0,0,0,0,0,0,0,0,0,0,0,0,0,0,0,0,0,NA,NA,0,0,NA,0,0,0,NA,NA,0.003,NA,0.003,0,NA,NA,NA,NA
2026,9350470,LaNyra McGill,Illinois Col.,C,3,0,4.95,1.65,0,0,0,0,3,0,0,0,NA,0,0,0,NA,0,1,0.333,8.081,1,0.333,8.081,0,0,0,0,0,0,0,0,0,0,0,0,1,0.333,8.081,0,0,0.354,0,0.25,0.229,0,1,0.011,0.012,0.009,0.845,0.994,0.006,NA,NA,0.012,0.012
2026,9350471,Aubrey Kietzman,Illinois Col.,G,24,0,221.067,9.211,40,1.667,7.238,13,39,0.333,8,25,0.32,0.641,6,9,0.667,0.231,25,1.042,4.524,5,0.208,0.905,20,0.833,3.619,19,0.792,3.438,14,0.583,2.533,2,0.083,0.362,13,0.542,2.352,0.436,0.466,0.111,0.146,0.232,0.026,0.099,0.02,0.509,0.581,0.515,0.623,0.317,0.336,0.674,0.273,0.858,0.395
2026,9350472,Taytum White,Illinois Col.,G,7,0,32.383,4.626,15,2.143,18.528,3,9,0.333,0,0,NA,0,9,15,0.6,1.667,7,1,8.646,3,0.429,3.706,4,0.571,4.941,0,0,0,5,0.714,6.176,0,0,0,6,0.857,7.411,0.333,0.481,0.292,0,0.278,0.105,0.135,0.987,0.599,0.109,0.002,0.803,0.951,0.721,NA,0.154,0.002,1
2026,9350473,Jenna Bowman,Illinois Col.,G,1,0,3.083,3.083,0,0,0,0,0,NA,0,0,NA,NA,0,0,NA,NA,0,0,0,0,0,0,0,0,0,0,0,0,0,0,0,0,0,0,0,0,0,NA,NA,0,0,NA,0,0,0,NA,NA,0.002,NA,0.003,0,NA,NA,NA,NA
2026,9350474,Allison Icenogle,Illinois Col.,G,11,0,37.183,3.38,32,2.909,34.424,11,27,0.407,10,21,0.476,0.778,0,0,NA,0,3,0.273,3.227,1,0.091,1.076,2,0.182,2.152,1,0.091,1.076,6,0.545,6.455,0,0,0,2,0.182,2.152,0.593,0.593,0.341,0.076,0.069,0.03,0.059,1,0.976,0.992,0.115,0.005,0.381,0.035,0.962,NA,0.994,0.005
2026,9350475,Kaity Robinson,Illinois Col.,G,25,2,375.4,15.016,113,4.52,12.04,36,88,0.409,8,26,0.308,0.295,33,43,0.767,0.489,56,2.24,5.967,17,0.68,1.811,39,1.56,4.156,21,0.84,2.238,21,0.84,2.238,3,0.12,0.32,29,1.16,3.09,0.455,0.528,0.158,0.101,0.213,0.051,0.114,0.146,0.795,0.616,0.274,0.475,0.686,0.535,0.606,0.736,0.347,0.883
2026,9350634,Bria Medina,Knox,G,26,26,936.617,36.024,614,23.615,26.222,197,420,0.469,21,59,0.356,0.14,199,229,0.869,0.545,139,5.346,5.936,25,0.962,1.068,114,4.385,4.869,104,4,4.442,70,2.692,2.989,5,0.192,0.214,97,3.731,4.143,0.494,0.59,0.284,0.237,0.157,0.032,0.127,0.985,0.973,0.849,0.858,0.19,0.42,0.65,0.884,0.991,0.169,0.977
2026,9350635,Kendell Lade,Knox,F,10,0,100.85,10.085,5,0.5,1.983,2,8,0.25,0,0,NA,0,1,2,0.5,0.25,11,1.1,4.363,1,0.1,0.397,10,1,3.966,4,0.4,1.587,0,0,0,1,0.1,0.397,8,0.8,3.173,0.25,0.282,0.072,0.06,0.474,0.012,0.103,0.007,0.008,0.008,0.153,0.998,0.04,0.035,NA,0.115,0.031,0.234
2026,9350637,Kylee Callahan,Knox,G,26,26,869.8,33.454,335,12.885,15.406,135,325,0.415,13,67,0.194,0.206,52,70,0.743,0.215,168,6.462,7.726,50,1.923,2.299,118,4.538,5.427,99,3.808,4.553,63,2.423,2.897,8,0.308,0.368,101,3.885,4.645,0.435,0.471,0.226,0.217,0.221,0.069,0.141,0.714,0.543,0.577,0.806,0.542,0.867,0.773,0.148,0.676,0.24,0.343
2026,9350638,Sarah Finley,Knox,F,12,0,199.033,16.586,56,4.667,11.254,25,46,0.543,0,1,0,0.022,6,16,0.375,0.348,26,2.167,5.225,6,0.5,1.206,20,1.667,4.019,5,0.417,1.005,5,0.417,1.005,2,0.167,0.402,20,1.667,4.019,0.543,0.528,0.158,0.045,0.274,0.036,0.105,0.138,0.698,0.99,0.069,0.934,0.142,0.075,0.015,0.046,0.188,0.498
2026,9350639,Emma Sineath,Knox,G,11,0,38.45,3.495,0,0,0,0,4,0,0,3,0,0.75,0,0,NA,0,5,0.455,5.202,1,0.091,1.04,4,0.364,4.161,2,0.182,2.081,0,0,0,0,0,0,6,0.545,6.242,0,0,0.112,0.077,0.6,0.031,0.108,0.022,0.001,0.001,0.117,1,0.391,0.438,0.005,NA,0.963,0.005
2026,9350640,Izzy Robinson,Knox,G,26,26,775.267,29.818,207,7.962,10.68,78,227,0.344,11,65,0.169,0.286,40,66,0.606,0.291,116,4.462,5.985,26,1,1.341,90,3.462,4.644,53,2.038,2.735,27,1.038,1.393,13,0.5,0.671,77,2.962,3.973,0.368,0.404,0.185,0.118,0.231,0.04,0.121,0.338,0.227,0.255,0.375,0.618,0.534,0.609,0.095,0.179,0.337,0.589
2026,9350642,Nayeli Nidez Acuña,Knox,F,26,26,822.467,31.633,360,13.846,17.508,142,277,0.513,4,20,0.2,0.072,72,99,0.727,0.357,179,6.885,8.706,43,1.654,2.091,136,5.231,6.614,44,1.692,2.14,51,1.962,2.48,25,0.962,1.216,70,2.692,3.404,0.52,0.562,0.205,0.106,0.179,0.063,0.172,0.412,0.989,0.981,0.493,0.546,0.244,0.388,0.216,0.719,0.473,0.552
2026,9350659,Mia deGrasse,Lake Forest,G,20,14,486.067,24.303,109,5.45,8.97,35,120,0.292,13,60,0.217,0.5,26,47,0.553,0.392,70,3.5,5.761,24,1.2,1.975,46,2.3,3.785,54,2.7,4.444,19,0.95,1.564,2,0.1,0.165,46,2.3,3.785,0.346,0.387,0.188,0.294,0.246,0.059,0.103,0.394,0.151,0.158,0.952,0.728,0.778,0.373,0.189,0.127,0.666,0.778
2026,9350660,Alyssa Jones,Lake Forest,C,20,0,125.117,6.256,14,0.7,4.476,6,31,0.194,0,0,NA,0,2,4,0.5,0.129,23,1.15,7.353,13,0.65,4.156,10,0.5,3.197,1,0.05,0.32,6,0.3,1.918,0,0,0,11,0.55,3.517,0.194,0.214,0.171,0.02,0.251,0.124,0.087,0.509,0.135,0.141,0.178,0.976,0.988,0.162,NA,0.074,0.141,0.407
2026,9350662,Sara Mills,Lake Forest,F,23,15,413.983,17.999,98,4.261,9.469,34,105,0.324,3,24,0.125,0.229,27,36,0.75,0.343,95,4.13,9.179,30,1.304,2.899,65,2.826,6.28,16,0.696,1.546,14,0.609,1.353,7,0.304,0.676,41,1.783,3.962,0.338,0.405,0.191,0.105,0.253,0.086,0.171,0.293,0.108,0.058,0.436,0.913,0.563,0.333,0.107,0.804,0.737,0.489
2026,9350663,Jamie Springstead,Lake Forest,G,22,13,564.75,25.67,190,8.636,13.457,63,199,0.317,15,60,0.25,0.302,49,72,0.681,0.362,138,6.273,9.774,51,2.318,3.612,87,3.955,6.162,16,0.727,1.133,16,0.727,1.133,1,0.045,0.071,58,2.636,4.108,0.354,0.412,0.25,0.084,0.201,0.108,0.168,0.859,0.262,0.209,0.141,0.459,0.969,0.878,0.339,0.39,0.369,0.724
2026,9350664,Anika Kinnear,Lake Forest,G,25,23,682.717,27.309,191,7.64,11.191,65,170,0.382,13,46,0.283,0.271,48,59,0.814,0.347,142,5.68,8.32,34,1.36,1.992,108,4.32,6.328,11,0.44,0.644,17,0.68,0.996,0,0,0,46,1.84,2.695,0.421,0.487,0.173,0.045,0.19,0.059,0.172,0.213,0.618,0.487,0.036,0.404,0.799,0.915,0.466,0.833,0.309,0.692
2026,9350665,Rylie Crecelius,Lake Forest,F,25,11,478.167,19.127,151,6.04,12.632,60,156,0.385,1,11,0.091,0.071,30,57,0.526,0.365,100,4,8.365,27,1.08,2.259,73,2.92,6.107,18,0.72,1.506,9,0.36,0.753,5,0.2,0.418,56,2.24,4.685,0.388,0.417,0.242,0.116,0.236,0.067,0.166,0.615,0.193,0.217,0.558,0.827,0.277,0.264,0.067,0.173,0.419,0.585
2026,9350667,Careah Baitlon,Lake Forest,G,25,8,528.6,21.144,111,4.44,8.4,37,110,0.336,22,68,0.324,0.618,15,23,0.652,0.209,49,1.96,3.708,6,0.24,0.454,43,1.72,3.254,47,1.88,3.557,15,0.6,1.135,0,0,0,67,2.68,5.07,0.436,0.462,0.173,0.234,0.358,0.014,0.089,0.195,0.48,0.593,0.829,0.96,0.102,0.195,0.693,0.27,0.835,0.284
2026,9350669,Ariana Ferreira-Torralba,Lake Forest,G,25,22,630,25.2,119,4.76,7.556,39,139,0.281,18,74,0.243,0.532,23,34,0.676,0.245,61,2.44,3.873,12,0.48,0.762,49,1.96,3.111,40,1.6,2.54,28,1.12,1.778,0,0,0,77,3.08,4.889,0.345,0.386,0.179,0.164,0.333,0.023,0.085,0.285,0.137,0.145,0.646,0.916,0.25,0.155,0.274,0.34,0.738,0.41
2026,9350670,Emma Hart,Lake Forest,G,14,7,245.517,17.537,100,7.143,16.292,35,88,0.398,20,58,0.345,0.659,10,11,0.909,0.125,40,2.857,6.517,8,0.571,1.303,32,2.286,5.213,20,1.429,3.258,16,1.143,2.607,1,0.071,0.163,33,2.357,5.376,0.511,0.539,0.25,0.265,0.262,0.039,0.142,0.869,0.818,0.927,0.904,0.782,0.508,0.781,0.859,0.996,0.91,0.135
2026,9350672,Bailey Griffis,Lawrence,G,19,1,130.383,6.862,14,0.737,4.295,4,21,0.19,3,18,0.167,0.857,3,10,0.3,0.476,11,0.579,3.375,3,0.158,0.92,8,0.421,2.454,10,0.526,3.068,5,0.263,1.534,0,0,0,6,0.316,1.841,0.262,0.276,0.116,0.143,0.191,0.027,0.07,0.024,0.014,0.022,0.491,0.406,0.349,0.102,0.065,0.012,0.996,0.87
2026,9350673,Adrijana Albijanic,Lawrence,F,8,0,21.2,2.65,6,0.75,11.321,2,4,0.5,0,0,NA,0,2,2,1,0.5,6,0.75,11.321,2,0.25,3.774,4,0.5,7.547,2,0.25,3.774,1,0.125,1.887,1,0.125,1.887,1,0.125,1.887,0.5,0.615,0.134,0.2,0.17,0.11,0.216,0.02,1,0.81,0.963,0.464,0.666,0.698,NA,0.999,0.031,0.913
2026,9350674,Emma Moya,Lawrence,G,23,1,145.317,6.318,30,1.304,8.258,8,31,0.258,4,18,0.222,0.581,10,12,0.833,0.387,16,0.696,4.404,3,0.13,0.826,13,0.565,3.578,3,0.13,0.826,5,0.217,1.376,1,0.043,0.275,9,0.391,2.477,0.323,0.413,0.15,0.04,0.199,0.024,0.102,0.104,0.277,0.069,0.013,0.413,0.279,0.357,0.222,0.892,0.787,0.765
2026,9350676,Charlotte Brennan,Lawrence,G,26,26,816.467,31.403,274,10.538,13.424,99,249,0.398,9,51,0.176,0.205,67,82,0.817,0.329,105,4.038,5.144,30,1.154,1.47,75,2.885,3.674,126,4.846,6.173,44,1.692,2.156,7,0.269,0.343,62,2.385,3.037,0.416,0.481,0.205,0.346,0.179,0.043,0.105,0.55,0.597,0.416,1,0.319,0.56,0.399,0.109,0.864,0.204,0.659
2026,9350677,Sophie Morey,Lawrence,F,27,27,683.617,25.319,295,10.926,17.261,111,225,0.493,0,0,NA,0,73,98,0.745,0.436,159,5.889,9.303,74,2.741,4.33,85,3.148,4.974,35,1.296,2.048,24,0.889,1.404,24,0.889,1.404,41,1.519,2.399,0.493,0.55,0.218,0.127,0.133,0.126,0.142,0.523,0.871,0.809,0.66,0.175,0.799,0.215,NA,0.783,0.075,0.814
2026,9350679,Josie Eager,Lawrence,G,27,26,718.95,26.628,162,6,9.013,56,195,0.287,30,109,0.275,0.559,20,32,0.625,0.164,79,2.926,4.395,10,0.37,0.556,69,2.556,3.839,57,2.111,3.171,44,1.63,2.448,4,0.148,0.223,49,1.815,2.726,0.364,0.387,0.173,0.162,0.19,0.016,0.11,0.233,0.171,0.23,0.629,0.352,0.145,0.461,0.453,0.213,0.783,0.185
2026,9350680,Kate Adams,Lawrence,G,25,23,785.1,31.404,382,15.28,19.462,123,327,0.376,68,198,0.343,0.606,68,87,0.782,0.266,87,3.48,4.433,22,0.88,1.121,65,2.6,3.312,23,0.92,1.172,61,2.44,3.108,18,0.72,0.917,46,1.84,2.344,0.48,0.523,0.253,0.071,0.112,0.033,0.095,0.9,0.785,0.691,0.106,0.038,0.444,0.271,0.842,0.806,0.823,0.55
2026,9350681,Kylie Loomis,Lawrence,G,17,0,72.033,4.237,20,1.176,11.106,6,16,0.375,3,8,0.375,0.5,5,8,0.625,0.5,9,0.529,4.998,0,0,0,9,0.529,4.998,0,0,0,3,0.176,1.666,2,0.118,1.111,10,0.588,5.553,0.469,0.512,0.198,0,0.339,0,0.143,0.452,0.699,0.625,0.004,0.924,0.005,0.808,0.913,0.216,0.668,0.885
2026,9350682,Olivia Kesti,Lawrence,F,27,27,775.35,28.717,153,5.667,7.893,57,173,0.329,9,44,0.205,0.254,30,48,0.625,0.277,204,7.556,10.524,48,1.778,2.476,156,5.778,8.048,58,2.148,2.992,34,1.259,1.754,51,1.889,2.631,62,2.296,3.199,0.355,0.394,0.159,0.152,0.242,0.072,0.23,0.173,0.088,0.107,0.892,0.887,0.325,0.825,0.282,0.274,0.841,0.291
2026,9350683,Josie Chose,Lawrence,F,27,3,421.167,15.599,166,6.148,15.766,72,186,0.387,2,7,0.286,0.038,20,31,0.645,0.167,126,4.667,11.967,43,1.593,4.084,83,3.074,7.883,23,0.852,2.184,15,0.556,1.425,25,0.926,2.374,38,1.407,3.609,0.392,0.416,0.272,0.138,0.16,0.119,0.225,0.81,0.162,0.254,0.808,0.31,0.73,0.772,0.673,0.292,0.346,0.125
2026,9350982,Marnie Kahl,St. Norbert,F,22,19,572.567,26.026,200,9.091,13.972,88,183,0.481,11,33,0.333,0.18,13,25,0.52,0.137,113,5.136,7.894,25,1.136,1.747,88,4,6.148,37,1.682,2.585,18,0.818,1.257,16,0.727,1.118,25,1.136,1.747,0.511,0.515,0.194,0.131,0.114,0.055,0.191,0.356,0.689,0.91,0.735,0.068,0.175,0.557,0.852,0.141,0.577,0.081
2026,9350983,Ella Wiese,St. Norbert,G,7,0,22.167,3.167,13,1.857,23.459,4,8,0.5,4,6,0.667,0.75,1,2,0.5,0.25,2,0.286,3.609,0,0,0,2,0.286,3.609,0,0,0,3,0.429,5.414,0,0,0,1,0.143,1.805,0.75,0.732,0.226,0,0.101,0,0.112,0.715,1,1,0.005,0.007,0.006,0.497,1,0.077,0.964,0.426
2026,9350984,Taylor Thiry,St. Norbert,F,26,26,654.333,25.167,421,16.192,25.736,165,330,0.5,2,10,0.2,0.03,89,106,0.84,0.321,187,7.192,11.431,61,2.346,3.729,126,4.846,7.702,75,2.885,4.585,37,1.423,2.262,10,0.385,0.611,59,2.269,3.607,0.503,0.559,0.338,0.29,0.135,0.118,0.24,0.926,0.935,0.875,1,0.235,0.704,0.878,0.228,0.997,0.304,0.448
2026,9350985,Avery Bierowski,St. Norbert,F,26,8,512.183,19.699,147,5.654,11.48,60,143,0.42,6,40,0.15,0.28,21,31,0.677,0.217,176,6.769,13.745,32,1.231,2.499,144,5.538,11.246,19,0.731,1.484,20,0.769,1.562,9,0.346,0.703,32,1.231,2.499,0.441,0.469,0.187,0.07,0.17,0.079,0.35,0.266,0.359,0.477,0.236,0.463,0.47,0.997,0.165,0.373,0.881,0.191
2026,9350986,Rose Hahn,St. Norbert,G,26,26,724.533,27.867,233,8.962,12.863,87,229,0.38,24,84,0.286,0.367,35,52,0.673,0.227,99,3.808,5.466,29,1.115,1.601,70,2.692,3.865,54,2.077,2.981,31,1.192,1.711,9,0.346,0.497,63,2.423,3.478,0.432,0.463,0.221,0.141,0.2,0.051,0.12,0.679,0.504,0.528,0.485,0.437,0.673,0.58,0.51,0.313,0.514,0.368
2026,9350987,Kat Miller,St. Norbert,G,19,0,143.367,7.546,31,1.632,8.649,12,30,0.4,3,16,0.188,0.533,4,6,0.667,0.2,16,0.842,4.464,5,0.263,1.395,11,0.579,3.069,11,0.579,3.069,0,0,0,6,0.316,1.674,8,0.421,2.232,0.45,0.475,0.144,0.136,0.197,0.044,0.095,0.08,0.557,0.606,0.434,0.409,0.58,0.275,0.129,0.275,0.741,0.233
2026,9350988,Olivia Conway,St. Norbert,G,26,22,720.883,27.726,223,8.577,12.374,87,215,0.405,36,114,0.316,0.53,13,20,0.65,0.093,65,2.5,3.607,12,0.462,0.666,53,2.038,2.941,71,2.731,3.94,43,1.654,2.386,0,0,0,45,1.731,2.497,0.488,0.498,0.189,0.187,0.167,0.021,0.091,0.417,0.64,0.789,0.764,0.211,0.227,0.225,0.66,0.261,0.694,0.073
2026,9350989,Charley Mullen,St. Norbert,F,26,0,189.083,7.272,12,0.462,2.539,5,19,0.263,1,6,0.167,0.316,1,2,0.5,0.105,24,0.923,5.077,2,0.077,0.423,22,0.846,4.654,8,0.308,1.692,6,0.231,1.269,1,0.038,0.212,17,0.654,3.596,0.289,0.302,0.099,0.068,0.461,0.013,0.145,0.014,0.015,0.016,0.199,0.995,0.051,0.225,0.172,0.116,0.885,0.012
2026,9350990,Makayla Hayes,St. Norbert,C,9,0,34.117,3.791,6,0.667,7.035,3,5,0.6,0,0,NA,0,0,0,NA,0,5,0.556,5.862,1,0.111,1.172,4,0.444,4.69,4,0.444,4.69,1,0.111,1.172,1,0.111,1.172,3,0.333,3.517,0.6,0.6,0.119,0.21,0.375,0.037,0.146,0.027,0.986,0.992,1,1,0.603,0.639,NA,NA,0.162,0.033
2026,9350991,Oakley Witteck,St. Norbert,G,24,23,622.567,25.94,195,8.125,12.529,79,143,0.552,5,10,0.5,0.07,32,47,0.681,0.329,107,4.458,6.875,40,1.667,2.57,67,2.792,4.305,81,3.375,5.204,42,1.75,2.699,5,0.208,0.321,53,2.208,3.405,0.57,0.596,0.177,0.25,0.245,0.081,0.134,0.267,0.992,0.989,0.899,0.686,0.907,0.713,0.964,0.407,0.021,0.632
2026,9350992,Larissa Huffman,St. Norbert,G,10,0,32.15,3.215,9,0.9,11.198,4,9,0.444,0,2,0,0.222,1,4,0.25,0.444,4,0.4,4.977,2,0.2,2.488,2,0.2,2.488,1,0.1,1.244,0,0,0,0,0,0,3,0.3,3.733,0.444,0.418,0.217,0.06,0.218,0.079,0.077,0.6,0.283,0.603,0.075,0.494,0.886,0.113,0.006,0.008,0.241,0.826
2026,9350993,Alaina Schwahn,St. Norbert,G,18,0,106.317,5.906,26,1.444,9.782,7,22,0.318,3,7,0.429,0.318,9,14,0.643,0.636,10,0.556,3.762,3,0.167,1.129,7,0.389,2.634,5,0.278,1.881,3,0.167,1.129,0,0,0,6,0.333,2.257,0.386,0.462,0.163,0.081,0.176,0.036,0.082,0.163,0.468,0.308,0.128,0.293,0.495,0.116,0.956,0.253,0.431,0.987
2026,9352179,McKenzie Bestor,Ripon,G,29,1,418.817,14.442,103,3.552,9.837,27,74,0.365,11,31,0.355,0.419,38,53,0.717,0.716,66,2.276,6.303,33,1.138,3.152,33,1.138,3.152,24,0.828,2.292,31,1.069,2.961,1,0.034,0.096,47,1.621,4.489,0.439,0.529,0.155,0.092,0.326,0.095,0.101,0.118,0.805,0.602,0.189,0.898,0.941,0.352,0.867,0.606,0.624,0.995
2026,9352180,Presley Buwalda,Ripon,G,21,1,106.783,5.085,18,0.857,6.743,7,22,0.318,0,5,0,0.227,4,7,0.571,0.318,16,0.762,5.993,4,0.19,1.498,12,0.571,4.495,6,0.286,2.248,5,0.238,1.873,0,0,0,12,0.571,4.495,0.318,0.359,0.156,0.09,0.324,0.045,0.145,0.135,0.046,0.066,0.15,0.883,0.583,0.811,0.007,0.13,0.243,0.616
2026,9352181,Sophie Schlieve,Ripon,F,29,28,669.033,23.07,303,10.448,18.116,114,269,0.424,1,2,0.5,0.007,74,102,0.725,0.379,199,6.862,11.898,91,3.138,5.441,108,3.724,6.457,29,1,1.734,46,1.586,2.75,38,1.31,2.272,62,2.138,3.707,0.426,0.483,0.253,0.084,0.165,0.165,0.208,0.724,0.463,0.369,0.312,0.437,0.964,0.655,0.983,0.663,0.161,0.646
2026,9352182,Maddi Friedle,Ripon,G,18,0,69.4,3.856,33,1.833,19.02,13,23,0.565,2,6,0.333,0.261,5,7,0.714,0.304,13,0.722,7.493,4,0.222,2.305,9,0.5,5.187,3,0.167,1.729,2,0.111,1.153,1,0.056,0.576,2,0.111,1.153,0.609,0.633,0.182,0.087,0.071,0.07,0.167,0.307,0.996,0.995,0.143,0.007,0.869,0.859,0.758,0.573,0.246,0.607
2026,9352183,Laney Havlovitz,Ripon,G,29,28,874.7,30.162,408,14.069,18.658,140,295,0.475,21,78,0.269,0.264,107,153,0.699,0.519,136,4.69,6.219,39,1.345,1.783,97,3.345,4.436,123,4.241,5.625,88,3.034,4.024,2,0.069,0.091,85,2.931,3.887,0.51,0.563,0.23,0.267,0.19,0.054,0.143,0.749,0.877,0.917,0.935,0.386,0.722,0.806,0.419,0.507,0.29,0.919
2026,9352184,Molly Johannes,Ripon,F,29,1,378.6,13.055,107,3.69,11.305,41,90,0.456,0,1,0,0.011,25,52,0.481,0.578,127,4.379,13.418,45,1.552,4.754,82,2.828,8.663,14,0.483,1.479,30,1.034,3.17,11,0.379,1.162,14,0.483,1.479,0.456,0.474,0.151,0.064,0.11,0.144,0.279,0.112,0.386,0.531,0.183,0.038,0.876,0.968,0.016,0.091,0.179,0.951
2026,9352185,Nadia Hoffa,Ripon,G,18,0,62.05,3.447,15,0.833,9.67,6,19,0.316,1,5,0.2,0.263,2,2,1,0.105,10,0.556,6.446,2,0.111,1.289,8,0.444,5.157,4,0.222,2.579,1,0.056,0.645,0,0,0,5,0.278,3.223,0.342,0.377,0.181,0.109,0.201,0.039,0.166,0.297,0.103,0.129,0.297,0.461,0.51,0.857,0.151,0.998,0.255,0.093
2026,9352186,Natalie Rauwolf,Ripon,G,29,29,768.567,26.502,326,11.241,16.967,123,270,0.456,57,113,0.504,0.419,23,32,0.719,0.119,95,3.276,4.944,37,1.276,1.926,58,2,3.019,40,1.379,2.082,42,1.448,2.186,6,0.207,0.312,36,1.241,1.874,0.561,0.574,0.188,0.099,0.112,0.058,0.097,0.38,0.919,0.974,0.232,0.063,0.763,0.296,0.997,0.618,0.616,0.122
2026,9352187,Maggie Glaus,Ripon,F,18,1,116.217,6.456,33,1.833,11.358,14,34,0.412,0,1,0,0.029,5,10,0.5,0.294,32,1.778,11.014,14,0.778,4.819,18,1,6.195,2,0.111,0.688,2,0.111,0.688,5,0.278,1.721,15,0.833,5.163,0.412,0.43,0.207,0.03,0.281,0.146,0.199,0.455,0.246,0.26,0.022,0.941,0.889,0.618,0.017,0.122,0.239,0.383
2026,9352189,Alex Stricker,Ripon,F,24,0,100.533,4.189,28,1.167,11.141,9,27,0.333,0,1,0,0.037,10,13,0.769,0.481,32,1.333,12.732,12,0.5,4.775,20,0.833,7.958,2,0.083,0.796,10,0.417,3.979,2,0.083,0.796,10,0.417,3.979,0.333,0.428,0.191,0.033,0.234,0.145,0.256,0.298,0.237,0.037,0.039,0.781,0.882,0.912,0.018,0.868,0.309,0.912
2026,9352190,Halle Van Horn,Ripon,G,26,25,662.433,25.478,269,10.346,16.243,109,219,0.498,4,26,0.154,0.119,47,57,0.825,0.26,164,6.308,9.903,62,2.385,3.744,102,3.923,6.159,45,1.731,2.717,33,1.269,1.993,26,1,1.57,52,2,3.14,0.507,0.551,0.201,0.13,0.176,0.113,0.198,0.499,0.842,0.884,0.422,0.29,0.989,0.968,0.034,0.885,0.073,0.514
2026,9352191,Karsyn Nelson,Ripon,G,27,26,693.467,25.684,257,9.519,14.824,101,253,0.399,9,30,0.3,0.119,46,65,0.708,0.257,96,3.556,5.537,35,1.296,2.019,61,2.259,3.519,53,1.963,3.057,53,1.963,3.057,9,0.333,0.519,51,1.889,2.942,0.417,0.456,0.216,0.141,0.153,0.061,0.113,0.599,0.444,0.444,0.46,0.144,0.82,0.523,0.527,0.571,0.049,0.49
2026,9352192,Sarah Trzinski,Ripon,G,14,0,51.967,3.712,4,0.286,3.079,1,2,0.5,0,0,NA,0,2,4,0.5,2,12,0.857,9.237,9,0.643,6.928,3,0.214,2.309,5,0.357,3.849,1,0.071,0.77,1,0.071,0.77,4,0.286,3.079,0.5,0.532,0.067,0.144,0.515,0.21,0.074,0.001,0.809,0.849,0.506,0.989,1,0.106,NA,0.078,0.002,1
2026,9352193,Kyley Elmblad,Ripon,F,19,0,77.75,4.092,26,1.368,13.376,12,27,0.444,0,0,NA,0,2,4,0.5,0.148,17,0.895,8.746,8,0.421,4.116,9,0.474,4.63,3,0.158,1.543,2,0.105,1.029,0,0,0,4,0.211,2.058,0.444,0.452,0.19,0.072,0.122,0.125,0.149,0.27,0.311,0.514,0.242,0.072,0.757,0.23,NA,0.124,0.081,0.086
2026,11191990,Xiyah Yarbrough,Knox,G,26,0,547.017,21.039,102,3.923,7.459,38,121,0.314,9,37,0.243,0.306,17,31,0.548,0.256,79,3.038,5.777,21,0.808,1.536,58,2.231,4.241,19,0.731,1.389,35,1.346,2.559,3,0.115,0.219,84,3.231,6.142,0.351,0.379,0.172,0.057,0.384,0.046,0.11,0.181,0.116,0.171,0.074,0.977,0.623,0.496,0.284,0.109,0.428,0.462
2026,11193258,Ava Wu,Grinnell,NA,24,23,517.55,21.565,208,8.667,16.076,75,198,0.379,39,123,0.317,0.621,19,22,0.864,0.111,48,2,3.71,10,0.417,0.773,38,1.583,2.937,25,1.042,1.932,16,0.667,1.237,0,0,0,30,1.25,2.319,0.477,0.501,0.231,0.141,0.126,0.023,0.089,0.69,0.619,0.759,0.628,0.237,0.25,0.244,0.601,0.777,0.979,0.283
2026,11193259,Caroline Phillips,Grinnell,NA,9,0,43.283,4.809,16,1.778,14.786,6,12,0.5,3,8,0.375,0.667,1,2,0.5,0.167,3,0.333,2.772,1,0.111,0.924,2,0.222,1.848,2,0.222,1.848,1,0.111,0.924,1,0.111,0.924,7,0.778,6.469,0.625,0.621,0.231,0.133,0.352,0.028,0.056,0.71,1,1,0.422,0.985,0.269,0.019,0.759,0.14,0.996,0.3
2026,11193260,Elly Marriott,Grinnell,NA,9,0,25.583,2.843,4,0.444,6.254,1,3,0.333,1,2,0.5,0.667,1,4,0.25,1.333,4,0.444,6.254,0,0,0,4,0.444,6.254,1,0.111,1.564,0,0,0,0,0,0,7,0.778,10.945,0.5,0.42,0.231,0.087,0.595,0,0.19,0.721,0.279,0.763,0.386,0.997,0.025,1,1,0.017,1,1
2026,11193264,Georgia Patterson,Grinnell,NA,24,0,353.183,14.716,119,4.958,13.477,39,102,0.382,15,43,0.349,0.422,26,33,0.788,0.324,41,1.708,4.643,12,0.5,1.359,29,1.208,3.284,9,0.375,1.019,9,0.375,1.019,1,0.042,0.113,37,1.542,4.19,0.456,0.511,0.218,0.068,0.241,0.041,0.1,0.453,0.764,0.477,0.279,0.965,0.422,0.398,0.734,0.681,0.361,0.561
2026,11193265,Megan Walters,Grinnell,NA,22,0,263.183,11.963,63,2.864,9.575,21,51,0.412,0,1,0,0.02,21,34,0.618,0.667,47,2.136,7.143,13,0.591,1.976,34,1.545,5.168,5,0.227,0.76,12,0.545,1.824,7,0.318,1.064,15,0.682,2.28,0.412,0.478,0.155,0.047,0.185,0.06,0.157,0.084,0.361,0.332,0.125,0.534,0.905,0.989,0.003,0.288,0.074,0.996
2026,11194063,Lucy Lawrence,Knox,G,12,0,30.967,2.581,4,0.333,5.167,2,4,0.5,0,0,NA,0,0,0,NA,0,4,0.333,5.167,0,0,0,4,0.333,5.167,0,0,0,0,0,0,0,0,0,4,0.333,5.167,0.5,0.5,0.111,0,0.5,0,0.134,0.021,0.64,0.85,0.006,0.988,0.007,0.714,NA,NA,0.002,0.006
2026,11194064,Carly Smith,Knox,F,26,26,579.267,22.279,133,5.115,9.184,58,123,0.472,0,3,0,0.024,17,35,0.486,0.285,191,7.346,13.189,72,2.769,4.972,119,4.577,8.217,16,0.615,1.105,15,0.577,1.036,7,0.269,0.483,44,1.692,3.038,0.472,0.48,0.136,0.048,0.241,0.149,0.214,0.046,0.41,0.617,0.115,0.852,0.924,0.697,0.022,0.111,0.212,0.315
2026,11194169,Danielle Beach,Illinois Col.,G,25,25,591.133,23.645,161,6.44,10.894,53,126,0.421,24,70,0.343,0.556,31,36,0.861,0.286,126,5.04,8.526,24,0.96,1.624,102,4.08,6.902,38,1.52,2.571,27,1.08,1.827,7,0.28,0.474,31,1.24,2.098,0.516,0.568,0.128,0.115,0.179,0.046,0.189,0.042,0.891,0.941,0.336,0.332,0.606,0.949,0.787,0.906,0.76,0.564
2026,11194174,Kylie Rakers,Illinois Col.,G,25,0,226.533,9.061,104,4.16,18.364,40,96,0.417,17,47,0.362,0.49,7,10,0.7,0.104,15,0.6,2.649,10,0.4,1.766,5,0.2,0.883,19,0.76,3.355,18,0.72,3.178,0,0,0,31,1.24,5.474,0.505,0.518,0.254,0.178,0.236,0.05,0.024,0.91,0.724,0.86,0.701,0.643,0.652,0.01,0.911,0.511,0.651,0.091
2026,11194176,Ava Giovando,Illinois Col.,G,6,0,16.9,2.817,0,0,0,0,2,0,0,1,0,0.5,0,0,NA,0,1,0.167,2.367,1,0.167,2.367,0,0,0,1,0.167,2.367,1,0.167,2.367,1,0.167,2.367,2,0.333,4.734,0,0,0.104,0.091,0.5,0.067,0,0.016,0.001,0.001,0.166,0.989,0.84,0.001,0.007,NA,0.668,0.006
2026,11194178,Anaya Patterson,Illinois Col.,G,15,0,99.483,6.632,42,2.8,16.887,15,33,0.455,2,9,0.222,0.273,10,15,0.667,0.455,14,0.933,5.629,4,0.267,1.608,10,0.667,4.021,2,0.133,0.804,5,0.333,2.01,1,0.067,0.402,19,1.267,7.639,0.485,0.53,0.258,0.04,0.324,0.046,0.11,0.932,0.808,0.751,0.017,0.887,0.586,0.477,0.225,0.281,0.312,0.846
2026,11194180,Madi Nettles,Illinois Col.,G,7,0,24.9,3.557,2,0.286,3.213,0,4,0,0,1,0,0.25,2,2,1,0.5,6,0.857,9.639,3,0.429,4.819,3,0.429,4.819,4,0.571,6.426,1,0.143,1.606,0,0,0,0,0,0,0,0.205,0.086,0.248,0,0.136,0.132,0.001,0.003,0.002,0.877,0.001,0.99,0.695,0.008,0.999,0.244,0.885
2026,11194182,Addison Minor,Illinois Col.,F,24,0,265.633,11.068,98,4.083,14.757,37,82,0.451,11,29,0.379,0.354,13,20,0.65,0.244,42,1.75,6.325,13,0.542,1.958,29,1.208,4.367,11,0.458,1.656,7,0.292,1.054,8,0.333,1.205,26,1.083,3.915,0.518,0.54,0.192,0.081,0.223,0.055,0.119,0.315,0.748,0.927,0.26,0.772,0.192,0.134,0.916,0.344,0.938,0.233
2026,11194183,Carson Arthalony,Illinois Col.,C,2,0,4.767,2.383,5,2.5,41.958,2,2,1,0,0,NA,0,1,2,0.5,1,2,1,16.783,1,0.5,8.392,1,0.5,8.392,0,0,0,1,0.5,8.392,0,0,0,0,0,0,1,0.868,0.264,0,0,0.238,0.23,0.634,0.997,1,0.012,0.009,1,0.765,NA,0.111,0.17,1
2026,11194184,Regan Filkin,Illinois Col.,G,6,0,17.167,2.861,4,0.667,9.32,2,6,0.333,0,3,0,0.5,0,2,0,0.333,3,0.5,6.99,0,0,0,3,0.5,6.99,0,0,0,2,0.333,4.66,0,0,0,1,0.167,2.33,0.333,0.291,0.201,0,0.127,0,0.191,0.476,0.022,0.11,0.007,0.063,0.008,0.95,0.008,0.001,0.669,0.673
2026,11194185,Lauren Young,Illinois Col.,G,9,0,40.7,4.522,12,1.333,11.794,5,18,0.278,2,10,0.2,0.556,0,1,0,0.056,4,0.444,3.931,3,0.333,2.948,1,0.111,0.983,1,0.111,0.983,2,0.222,1.966,2,0.222,1.966,1,0.111,0.983,0.333,0.325,0.209,0.047,0.051,0.083,0.027,0.574,0.037,0.112,0.037,0.002,0.909,0.011,0.154,0.001,0.762,0.031
2026,11194186,Cora DeSutter,Illinois Col.,F,25,24,557.383,22.295,219,8.76,15.716,69,162,0.426,5,15,0.333,0.093,76,100,0.76,0.617,147,5.88,10.549,46,1.84,3.301,101,4.04,7.248,39,1.56,2.799,30,1.2,2.153,14,0.56,1.005,56,2.24,4.019,0.441,0.532,0.206,0.133,0.214,0.093,0.198,0.448,0.733,0.509,0.779,0.709,0.654,0.612,0.871,0.86,0.505,0.997
2026,11197366,Darby Haley,Cornell College,G,25,0,496.217,19.849,155,6.2,12.495,49,139,0.353,33,100,0.33,0.719,24,34,0.706,0.245,52,2.08,4.192,7,0.28,0.564,45,1.8,3.627,32,1.28,2.58,20,0.8,1.612,1,0.04,0.081,45,1.8,3.627,0.471,0.503,0.203,0.157,0.226,0.019,0.107,0.522,0.655,0.642,0.567,0.569,0.187,0.425,0.756,0.54,0.963,0.425
2026,11197367,Caroline Kron,Cornell College,G,25,24,607,24.28,138,5.52,9.094,49,126,0.389,26,79,0.329,0.627,14,22,0.636,0.175,80,3.2,5.272,13,0.52,0.857,67,2.68,4.415,63,2.52,4.152,33,1.32,2.175,20,0.8,1.318,59,2.36,3.888,0.492,0.509,0.163,0.243,0.303,0.028,0.131,0.16,0.697,0.803,0.876,0.88,0.368,0.692,0.728,0.248,0.848,0.199
2026,11197368,Savanna Robinson,Cornell College,G,23,0,297.7,12.943,47,2.043,6.315,14,51,0.275,1,17,0.059,0.333,18,24,0.75,0.471,32,1.391,4.3,15,0.652,2.015,17,0.739,2.284,31,1.348,4.165,35,1.522,4.703,2,0.087,0.269,26,1.13,3.493,0.284,0.382,0.149,0.226,0.297,0.067,0.068,0.101,0.122,0.03,0.815,0.864,0.839,0.068,0.018,0.7,0.449,0.868
2026,11197369,Liann Ang,Cornell College,G,9,0,22.017,2.446,4,0.444,7.267,1,7,0.143,1,6,0.167,0.857,1,2,0.5,0.286,2,0.222,3.634,0,0,0,2,0.222,3.634,2,0.222,3.634,0,0,0,0,0,0,2,0.222,3.634,0.214,0.254,0.227,0.196,0.202,0,0.108,0.715,0.007,0.01,0.774,0.462,0.008,0.437,0.067,0.079,0.997,0.564
2026,11197370,Maggie Thompson,Cornell College,F,25,3,378.45,15.138,81,3.24,8.561,31,68,0.456,3,8,0.375,0.118,16,28,0.571,0.412,75,3,7.927,21,0.84,2.22,54,2.16,5.707,19,0.76,2.008,6,0.24,0.634,7,0.28,0.74,35,1.4,3.699,0.478,0.504,0.154,0.118,0.304,0.073,0.169,0.127,0.539,0.692,0.593,0.976,0.346,0.306,0.88,0.189,0.518,0.662
2026,11197371,Kallynn Stroup,Cornell College,G,25,18,490.55,19.622,182,7.28,14.84,69,147,0.469,4,19,0.211,0.129,40,64,0.625,0.435,103,4.12,8.399,27,1.08,2.202,76,3.04,6.197,26,1.04,2.12,32,1.28,2.609,3,0.12,0.245,56,2.24,4.566,0.483,0.52,0.239,0.144,0.242,0.073,0.184,0.792,0.741,0.737,0.504,0.67,0.883,0.93,0.162,0.24,0.091,0.825
2026,11197373,Akoi Atem,Cornell College,F,7,0,11.35,1.621,0,0,0,0,4,0,0,3,0,0.75,0,0,NA,0,1,0.143,3.524,0,0,0,1,0.143,3.524,1,0.143,3.524,0,0,0,0,0,0,2,0.286,7.048,0,0,0.268,0.173,0.333,0,0.104,0.777,0.001,0.002,0.93,0.983,0.003,0.036,0.026,NA,0.974,0.001
2026,11197374,Ashlin Nottestad,Cornell College,F,8,0,23.15,2.894,3,0.375,5.184,1,4,0.25,1,4,0.25,1,0,0,NA,0,3,0.375,5.184,0,0,0,3,0.375,5.184,3,0.375,5.184,2,0.25,3.456,1,0.125,1.728,1,0.125,1.728,0.375,0.375,0.109,0.278,0.2,0,0.154,0.017,0.046,0.169,0.965,0.634,0.005,0.231,0.338,NA,1,0.002
2026,11198969,Hannah Peel,Monmouth (IL),G,21,0,231.483,11.023,72,3.429,12.442,25,82,0.305,8,38,0.211,0.463,14,21,0.667,0.256,33,1.571,5.702,15,0.714,2.592,18,0.857,3.11,16,0.762,2.765,12,0.571,2.074,4,0.19,0.691,29,1.381,5.011,0.354,0.395,0.24,0.17,0.241,0.066,0.09,0.801,0.185,0.187,0.664,0.652,0.831,0.205,0.172,0.289,0.634,0.448
2026,11198971,Jamaica Walker,Monmouth (IL),G,25,0,419.483,16.779,136,5.44,12.968,55,143,0.385,3,19,0.158,0.133,23,64,0.359,0.448,63,2.52,6.007,23,0.92,2.193,40,1.6,3.814,27,1.08,2.575,39,1.56,3.719,1,0.04,0.095,60,2.4,5.721,0.395,0.397,0.254,0.167,0.26,0.056,0.11,0.927,0.202,0.342,0.658,0.773,0.739,0.474,0.04,0.036,0.122,0.842
2026,11198972,Tiah Riggs,Monmouth (IL),F,25,15,527.65,21.106,132,5.28,10.007,60,143,0.42,0,0,NA,0,12,27,0.444,0.189,103,4.12,7.808,39,1.56,2.957,64,2.56,4.852,18,0.72,1.365,35,1.4,2.653,2,0.08,0.152,37,1.48,2.805,0.42,0.426,0.168,0.085,0.193,0.076,0.14,0.209,0.22,0.316,0.342,0.633,0.383,0.173,NA,0.061,0.109,0.156
2026,11198973,Ava Pelaez,Monmouth (IL),G,22,7,354.367,16.108,84,3.818,9.482,30,104,0.288,9,40,0.225,0.385,15,26,0.577,0.25,45,2.045,5.079,12,0.545,1.355,33,1.5,3.725,8,0.364,0.903,11,0.5,1.242,5,0.227,0.564,33,1.5,3.725,0.332,0.364,0.193,0.052,0.222,0.035,0.107,0.446,0.057,0.085,0.052,0.554,0.483,0.41,0.236,0.139,0.529,0.438
2026,11198975,Layla Rice,Monmouth (IL),G,21,0,255.417,12.163,43,2.048,6.734,13,65,0.2,4,17,0.235,0.262,13,28,0.464,0.431,47,2.238,7.361,13,0.619,2.036,34,1.619,5.325,9,0.429,1.409,7,0.333,1.096,4,0.19,0.626,23,1.095,3.602,0.231,0.278,0.181,0.076,0.229,0.052,0.153,0.305,0.021,0.018,0.114,0.591,0.695,0.847,0.24,0.074,0.253,0.809
2026,11198976,Kamryn Gillespie,Monmouth (IL),G,9,0,91.267,10.141,14,1.556,6.136,3,26,0.115,1,18,0.056,0.692,7,12,0.583,0.462,9,1,3.944,2,0.222,0.877,7,0.778,3.068,2,0.222,0.877,5,0.556,2.191,1,0.111,0.438,12,1.333,5.259,0.135,0.224,0.219,0.045,0.277,0.022,0.088,0.627,0.006,0.005,0.019,0.801,0.231,0.178,0.013,0.144,0.928,0.848
2026,11199002,Meadow Rosendahl,Lake Forest,G,20,0,100,5,30,1.5,12,11,47,0.234,5,30,0.167,0.638,3,4,0.75,0.085,5,0.25,2,2,0.1,0.8,3,0.15,1.2,3,0.15,1.2,2,0.1,0.8,1,0.05,0.4,8,0.4,3.2,0.287,0.308,0.277,0.088,0.141,0.024,0.033,0.937,0.035,0.035,0.145,0.079,0.274,0.015,0.075,0.702,0.854,0.05
2026,11199003,Izabella Zamora,Lake Forest,F,16,1,109.9,6.869,13,0.812,4.732,5,21,0.238,1,15,0.067,0.714,2,2,1,0.095,16,1,5.823,3,0.188,1.092,13,0.812,4.732,6,0.375,2.184,4,0.25,1.456,0,0,0,10,0.625,3.64,0.262,0.297,0.142,0.135,0.314,0.033,0.129,0.07,0.012,0.013,0.785,0.983,0.13,0.141,0.054,1,0.973,0.008
2026,11199004,Ariana Rodriguez,Lake Forest,G,21,3,232.433,11.068,14,0.667,2.409,6,21,0.286,2,10,0.2,0.476,0,0,NA,0,26,1.238,4.474,5,0.238,0.86,21,1,3.614,15,0.714,2.581,6,0.286,1.033,1,0.048,0.172,28,1.333,4.819,0.333,0.333,0.103,0.152,0.571,0.026,0.099,0.016,0.041,0.114,0.532,0.998,0.324,0.32,0.156,NA,0.64,0.008
2026,11199005,Meghan Vasel,Lake Forest,C,22,6,226.017,10.273,36,1.636,6.371,16,59,0.271,0,0,NA,0,4,6,0.667,0.102,31,1.409,5.486,7,0.318,1.239,24,1.091,4.247,5,0.227,0.885,5,0.227,0.885,8,0.364,1.416,15,0.682,2.655,0.271,0.292,0.166,0.058,0.196,0.037,0.116,0.379,0.368,0.386,0.558,0.479,0.565,0.443,NA,0.796,0.415,0.278
2026,11199006,Ella Franck,Lake Forest,G,21,2,203.55,9.693,102,4.857,20.044,40,93,0.43,10,30,0.333,0.323,12,33,0.364,0.355,26,1.238,5.109,5,0.238,0.983,21,1,4.127,4,0.19,0.786,8,0.381,1.572,3,0.143,0.59,33,1.571,6.485,0.484,0.474,0.337,0.078,0.235,0.029,0.112,0.998,0.554,0.747,0.123,0.633,0.38,0.504,0.767,0.048,0.441,0.702
2026,11199504,Cali Havlovitz,Ripon,G,29,5,523.7,18.059,157,5.414,11.992,57,134,0.425,16,49,0.327,0.366,27,40,0.675,0.299,108,3.724,8.249,38,1.31,2.902,70,2.414,5.347,47,1.621,3.59,54,1.862,4.124,3,0.103,0.229,53,1.828,4.048,0.485,0.518,0.176,0.155,0.259,0.088,0.172,0.251,0.714,0.765,0.553,0.755,0.925,0.892,0.706,0.328,0.489,0.604
2026,11199518,Moriah Sears,Ripon,G,22,0,106.417,4.837,45,2.045,16.915,15,31,0.484,3,11,0.273,0.355,12,17,0.706,0.548,17,0.773,6.39,7,0.318,2.631,10,0.455,3.759,7,0.318,2.631,6,0.273,2.255,0,0,0,20,0.909,7.518,0.532,0.585,0.247,0.121,0.342,0.08,0.121,0.806,0.922,0.944,0.379,0.928,0.889,0.583,0.422,0.546,0.453,0.98
2026,11199523,Naomi Rikkola,Ripon,G,22,0,88.483,4.022,26,1.182,11.754,9,25,0.36,1,4,0.25,0.16,7,12,0.583,0.48,13,0.591,5.877,4,0.182,1.808,9,0.409,4.069,4,0.182,1.808,6,0.273,2.712,0,0,0,8,0.364,3.617,0.38,0.429,0.195,0.077,0.209,0.055,0.131,0.449,0.34,0.293,0.12,0.465,0.724,0.694,0.34,0.148,0.177,0.873
2026,11199536,Payten Perea,Ripon,F,18,0,56.117,3.118,5,0.278,3.564,2,11,0.182,1,7,0.143,0.636,0,0,NA,0,5,0.278,3.564,0,0,0,5,0.278,3.564,1,0.056,0.713,2,0.111,1.426,0,0,0,5,0.278,3.564,0.227,0.227,0.128,0.027,0.312,0,0.115,0.02,0.007,0.007,0.013,0.978,0.008,0.1,0.116,NA,0.969,0.004
2026,11201034,Alena Vondracek,Lawrence,G,12,0,39.467,3.289,18,1.5,18.243,5,16,0.312,5,14,0.357,0.875,3,4,0.75,0.25,4,0.333,4.054,0,0,0,4,0.333,4.054,0,0,0,1,0.083,1.014,1,0.083,1.014,5,0.417,5.068,0.469,0.507,0.278,0,0.22,0,0.116,0.939,0.684,0.627,0.008,0.508,0.009,0.559,0.888,0.703,0.999,0.439
2026,11201036,Kylie Heller,Lawrence,F,20,1,173.717,8.686,45,2.25,10.362,14,41,0.341,6,26,0.231,0.634,11,15,0.733,0.366,18,0.9,4.145,2,0.1,0.461,16,0.8,3.684,5,0.25,1.151,6,0.3,1.382,4,0.2,0.921,13,0.65,2.993,0.415,0.473,0.168,0.059,0.215,0.013,0.105,0.217,0.367,0.268,0.143,0.717,0.062,0.086,0.313,0.727,0.967,0.593
2026,11201041,Molly Deering,Lawrence,G,15,0,260.983,17.399,86,5.733,13.181,27,67,0.403,7,24,0.292,0.358,25,35,0.714,0.522,50,3.333,7.663,22,1.467,3.372,28,1.867,4.291,12,0.8,1.839,16,1.067,2.452,1,0.067,0.153,27,1.8,4.138,0.455,0.522,0.202,0.099,0.247,0.098,0.123,0.507,0.749,0.623,0.24,0.736,0.95,0.618,0.519,0.586,0.46,0.927
2026,11201043,Avery VanDellen,Lawrence,G,5,0,8.25,1.65,3,0.6,14.545,1,2,0.5,1,2,0.5,1,0,0,NA,0,0,0,0,0,0,0,0,0,0,1,0.2,4.848,0,0,0,0,0,0,1,0.2,4.848,0.75,0.75,0.175,0.272,0.333,0,0,0.236,1,1,0.939,0.898,0.01,0.001,0.965,NA,1,0.008
2026,11201045,Abby Talbot,Lawrence,F,13,0,70.95,5.458,21,1.615,11.839,10,26,0.385,0,5,0,0.192,1,3,0.333,0.115,17,1.308,9.584,5,0.385,2.819,12,0.923,6.765,4,0.308,2.255,1,0.077,0.564,3,0.231,1.691,4,0.308,2.255,0.385,0.384,0.213,0.132,0.128,0.082,0.193,0.48,0.05,0.187,0.739,0.133,0.485,0.562,0.032,0.007,0.582,0.017
2026,11201047,Shelby Eaton,Lawrence,G,9,0,24.7,2.744,3,0.333,4.858,1,8,0.125,1,3,0.333,0.375,0,0,NA,0,4,0.444,6.478,1,0.111,1.619,3,0.333,4.858,2,0.222,3.239,2,0.222,3.239,1,0.111,1.619,2,0.222,3.239,0.188,0.188,0.195,0.154,0.2,0.047,0.139,0.449,0.002,0.008,0.533,0.413,0.645,0.743,0.767,NA,0.517,0.009
2026,11201048,Maggie Jarzemsky,Lawrence,G,26,0,252.35,9.706,43,1.654,6.816,16,24,0.667,0,0,NA,0,11,18,0.611,0.75,85,3.269,13.473,34,1.308,5.389,51,1.962,8.084,15,0.577,2.378,18,0.692,2.853,6,0.231,0.951,39,1.5,6.182,0.667,0.674,0.136,0.118,0.55,0.157,0.231,0.048,0.999,0.998,0.345,0.995,0.998,0.999,NA,0.201,0.005,0.998
2026,11201747,Makayla Foley,St. Norbert,G,16,0,76.517,4.782,13,0.812,6.796,4,19,0.211,1,7,0.143,0.368,4,6,0.667,0.316,12,0.75,6.273,4,0.25,2.091,8,0.5,4.182,8,0.5,4.182,5,0.312,2.614,1,0.062,0.523,9,0.562,4.705,0.237,0.3,0.203,0.176,0.294,0.066,0.13,0.524,0.025,0.02,0.679,0.855,0.823,0.652,0.027,0.291,0.516,0.614
2026,11201751,Tenley Loos,St. Norbert,F,12,0,39.55,3.296,10,0.833,10.114,4,11,0.364,0,3,0,0.273,2,4,0.5,0.364,6,0.5,6.068,1,0.083,1.011,5,0.417,5.057,2,0.167,2.023,2,0.167,2.023,0,0,0,3,0.25,3.034,0.364,0.392,0.202,0.093,0.19,0.032,0.157,0.358,0.055,0.13,0.402,0.607,0.123,0.233,0.035,0.127,0.853,0.554
2026,11201758,Sam Opitz,St. Norbert,C,7,0,12.317,1.76,2,0.286,6.495,0,0,NA,0,0,NA,NA,2,2,1,NA,3,0.429,9.743,0,0,0,3,0.429,9.743,0,0,0,0,0,0,0,0,0,0,0,0,NA,1.136,0.036,0,0,0,0.303,0.003,1,NA,0.035,0.011,0.014,0.778,NA,0.926,NA,NA
2026,11201763,Addyson Phipps,St. Norbert,C,20,0,110.033,5.502,27,1.35,9.815,11,31,0.355,1,5,0.2,0.161,4,4,1,0.129,16,0.8,5.816,2,0.1,0.727,14,0.7,5.089,5,0.25,1.818,2,0.1,0.727,0,0,0,6,0.3,2.181,0.371,0.412,0.179,0.083,0.155,0.023,0.158,0.625,0.967,0.971,0.946,0.127,0.138,0.759,1,1,0.544,0.535
2026,11201767,Reese Sellers,St. Norbert,G,24,5,520.433,21.685,122,5.083,9.377,47,124,0.379,25,81,0.309,0.653,3,7,0.429,0.056,29,1.208,2.229,8,0.333,0.615,21,0.875,1.614,37,1.542,2.844,15,0.625,1.153,2,0.083,0.154,20,0.833,1.537,0.48,0.48,0.144,0.128,0.136,0.019,0.05,0.074,0.569,0.655,0.399,0.074,0.206,0.03,0.628,0.059,0.9,0.045
2026,11201772,Kalina Winslow,St. Norbert,G,14,1,131.75,9.411,24,1.714,7.287,9,25,0.36,3,17,0.176,0.68,3,3,1,0.12,10,0.714,3.036,4,0.286,1.214,6,0.429,1.822,7,0.5,2.125,2,0.143,0.607,2,0.143,0.607,11,0.786,3.34,0.42,0.456,0.144,0.092,0.295,0.039,0.057,0.077,0.416,0.468,0.171,0.858,0.5,0.034,0.114,1,0.925,0.125
2026,11202693,Charlotte Stewart,Beloit,G,16,0,85.417,5.339,15,0.938,7.024,6,19,0.316,2,5,0.4,0.263,1,7,0.143,0.368,11,0.688,5.151,2,0.125,0.937,9,0.562,4.215,2,0.125,0.937,7,0.438,3.278,0,0,0,9,0.562,4.215,0.368,0.34,0.175,0.063,0.29,0.028,0.116,0.235,0.043,0.258,0.077,0.807,0.351,0.558,0.954,0.004,0.257,0.728
2026,11202694,Helena Misic,Beloit,C,21,1,128.8,6.133,23,1.095,7.143,9,32,0.281,1,6,0.167,0.188,4,5,0.8,0.156,19,0.905,5.901,3,0.143,0.932,16,0.762,4.969,1,0.048,0.311,1,0.048,0.311,3,0.143,0.932,7,0.333,2.174,0.297,0.336,0.154,0.021,0.17,0.027,0.136,0.15,0.497,0.519,0.314,0.25,0.294,0.602,0.912,0.889,0.676,0.668
2026,11202696,Haily Atkinson,Beloit,G,1,0,1.583,1.583,0,0,0,0,0,NA,0,0,NA,NA,0,0,NA,NA,0,0,0,0,0,0,0,0,0,0,0,0,0,0,0,0,0,0,0,0,0,NA,NA,0,0,NA,0,0,0,NA,NA,0.008,NA,0.01,0.001,NA,NA,NA,NA
2026,11202697,Brooke Foster,Beloit,G,25,7,506.167,20.247,111,4.44,8.772,45,119,0.378,13,36,0.361,0.303,8,22,0.364,0.185,64,2.56,5.058,19,0.76,1.501,45,1.8,3.556,20,0.8,1.581,13,0.52,1.027,1,0.04,0.079,36,1.44,2.845,0.433,0.431,0.156,0.112,0.219,0.044,0.098,0.133,0.353,0.541,0.314,0.506,0.576,0.313,0.898,0.057,0.415,0.212
2026,11202699,Sophia Corley,Beloit,G,22,5,267.333,12.152,41,1.864,6.135,14,46,0.304,2,7,0.286,0.152,11,14,0.786,0.304,32,1.455,4.788,8,0.364,1.197,24,1.091,3.591,14,0.636,2.095,13,0.591,1.945,1,0.045,0.15,17,0.773,2.544,0.326,0.393,0.124,0.135,0.246,0.035,0.099,0.029,0.176,0.074,0.429,0.714,0.492,0.329,0.512,0.811,0.174,0.612
2026,11202700,Amaya Bridgewater,Beloit,F,9,3,175.233,19.47,61,6.778,13.924,23,64,0.359,3,16,0.188,0.25,12,17,0.706,0.266,33,3.667,7.533,15,1.667,3.424,18,2,4.109,6,0.667,1.37,9,1,2.054,0,0,0,22,2.444,5.022,0.383,0.427,0.256,0.111,0.235,0.101,0.113,0.737,0.232,0.182,0.517,0.794,0.665,0.097,0.191,0.479,0.807,0.247
2026,11209001,Bri Holland,Knox,G,18,0,124.133,6.896,11,0.611,3.545,3,12,0.25,1,6,0.167,0.5,4,6,0.667,0.5,14,0.778,4.511,2,0.111,0.644,12,0.667,3.867,9,0.5,2.9,2,0.111,0.644,2,0.111,0.644,12,0.667,3.867,0.292,0.376,0.092,0.111,0.45,0.019,0.101,0.007,0.101,0.063,0.302,0.984,0.191,0.341,0.077,0.293,0.67,0.887
2026,11212615,Brook Pieper,Knox,F,9,0,176.133,19.57,69,7.667,15.67,26,52,0.5,7,14,0.5,0.269,10,14,0.714,0.269,50,5.556,11.355,12,1.333,2.725,38,4.222,8.63,11,1.222,2.498,9,1,2.044,7,0.778,1.59,21,2.333,4.769,0.567,0.593,0.194,0.118,0.265,0.082,0.225,0.326,0.999,1,0.57,0.924,0.481,0.746,1,0.503,0.851,0.257
